timestamp,open,high,low,close,adjusted_close,volume,dividend_amount,split_coefficient
2018-07-03,5.0000,5.3000,4.9700,5.3000,5.3000,346068,0.0000,1.0000
2018-07-02,5.0700,5.0700,4.8700,4.9900,4.9900,346643,0.0000,1.0000
2018-06-29,5.2100,5.2150,5.0700,5.0800,5.0800,351382,0.0000,1.0000
2018-06-28,5.0000,5.2600,5.0000,5.1600,5.1600,352390,0.0000,1.0000
2018-06-27,5.1500,5.1700,4.9500,5.0300,5.0300,313002,0.0000,1.0000
2018-06-26,5.3100,5.3250,5.1600,5.1700,5.1700,641205,0.0000,1.0000
2018-06-25,5.3700,5.3700,5.2100,5.3100,5.3100,268262,0.0000,1.0000
2018-06-22,5.2500,5.4000,5.2400,5.3800,5.3800,437991,0.0000,1.0000
2018-06-21,5.4300,5.4800,5.2900,5.3100,5.3100,218577,0.0000,1.0000
2018-06-20,5.3900,5.5100,5.3600,5.4000,5.4000,327870,0.0000,1.0000
2018-06-19,5.3700,5.4150,5.2950,5.3600,5.3600,246332,0.0000,1.0000
2018-06-18,5.3900,5.4955,5.2760,5.3800,5.3800,257540,0.0000,1.0000
2018-06-15,5.4300,5.5400,5.3700,5.4200,5.4200,441630,0.0000,1.0000
2018-06-14,5.4600,5.6300,5.4300,5.4400,5.4400,326338,0.0000,1.0000
2018-06-13,5.3500,5.5500,5.3200,5.4100,5.4100,535996,0.0000,1.0000
2018-06-12,5.3200,5.4300,5.2500,5.3800,5.3800,273399,0.0000,1.0000
2018-06-11,5.3500,5.4900,5.2900,5.2900,5.2900,615016,0.0000,1.0000
2018-06-08,5.3700,5.4000,5.2100,5.3800,5.3800,399061,0.0000,1.0000
2018-06-07,5.2500,5.3300,5.1700,5.3200,5.3200,404900,0.0000,1.0000
2018-06-06,5.2000,5.3700,5.0700,5.2400,5.2400,585047,0.0000,1.0000
2018-06-05,5.3400,5.3400,5.1000,5.1300,5.1300,419579,0.0000,1.0000
2018-06-04,5.2500,5.5000,5.1600,5.3500,5.3500,637642,0.0000,1.0000
2018-06-01,5.1900,5.3000,5.1500,5.1900,5.1900,235772,0.0000,1.0000
2018-05-31,5.3900,5.3900,5.1100,5.1700,5.1700,328093,0.0000,1.0000
2018-05-30,5.3600,5.4000,5.2800,5.3500,5.3500,223897,0.0000,1.0000
2018-05-29,5.3600,5.3700,5.2050,5.2800,5.2800,416588,0.0000,1.0000
2018-05-25,5.3300,5.4500,5.3200,5.3900,5.3900,437182,0.0000,1.0000
2018-05-24,5.2400,5.3300,5.1600,5.3200,5.3200,669033,0.0000,1.0000
2018-05-23,5.3900,5.4000,5.2500,5.2800,5.2800,477914,0.0000,1.0000
2018-05-22,5.4000,5.4752,5.3501,5.3800,5.3800,359693,0.0000,1.0000
2018-05-21,5.4300,5.6100,5.4000,5.4100,5.4100,432695,0.0000,1.0000
2018-05-18,5.5100,5.5300,5.4000,5.4600,5.4600,499673,0.0000,1.0000
2018-05-17,5.6400,5.7015,5.5200,5.5500,5.5500,350017,0.0000,1.0000
2018-05-16,5.6500,5.7800,5.5800,5.6600,5.6600,775272,0.0000,1.0000
2018-05-15,5.5700,5.6900,5.4700,5.6700,5.6700,383607,0.0000,1.0000
2018-05-14,5.6700,5.6800,5.5500,5.6300,5.6300,311326,0.0000,1.0000
2018-05-11,5.7000,5.7600,5.5800,5.6700,5.6700,363589,0.0000,1.0000
2018-05-10,5.6600,5.8200,5.6100,5.7000,5.7000,698556,0.0000,1.0000
2018-05-09,5.7400,5.8100,5.5300,5.6400,5.6400,1096935,0.0000,1.0000
2018-05-08,5.6400,5.7600,5.4810,5.7100,5.7100,677307,0.0000,1.0000
2018-05-07,5.8100,5.9000,5.5400,5.5900,5.5900,1504104,0.0000,1.0000
2018-05-04,5.9000,5.9500,5.7300,5.8500,5.8500,815908,0.0000,1.0000
2018-05-03,6.0700,6.1500,5.9400,5.9600,5.9600,630691,0.0000,1.0000
2018-05-02,6.0200,6.1500,5.9300,6.0800,6.0800,737749,0.0000,1.0000
2018-05-01,6.2500,6.3000,6.0100,6.0600,6.0600,526201,0.0000,1.0000
2018-04-30,6.1200,6.2700,6.0500,6.2400,6.2400,821755,0.0000,1.0000
2018-04-27,6.0400,6.1900,5.9900,6.1100,6.1100,573476,0.0000,1.0000
2018-04-26,5.9600,6.0701,5.8100,6.0300,6.0300,831167,0.0000,1.0000
2018-04-25,5.9500,6.0300,5.6550,5.8300,5.8300,1147039,0.0000,1.0000
2018-04-24,6.0800,6.3700,5.9500,5.9800,5.9800,1617172,0.0000,1.0000
2018-04-23,6.9000,6.9100,5.5850,5.7500,5.7500,4350568,0.0000,1.0000
2018-04-20,8.3800,8.4650,7.0000,7.0100,7.0100,2191365,0.0000,1.0000
2018-04-19,8.9400,9.0100,8.6700,8.7300,8.7300,449251,0.0000,1.0000
2018-04-18,8.7400,9.1100,8.7400,8.9400,8.9400,697093,0.0000,1.0000
2018-04-17,8.8800,9.0000,8.6701,8.7500,8.7500,609720,0.0000,1.0000
2018-04-16,8.8100,8.9500,8.7200,8.8300,8.8300,474155,0.0000,1.0000
2018-04-13,8.8600,8.8900,8.5600,8.7500,8.7500,416093,0.0000,1.0000
2018-04-12,8.7400,8.9250,8.6400,8.7200,8.7200,457872,0.0000,1.0000
2018-04-11,8.8100,9.0000,8.7000,8.7200,8.7200,496378,0.0000,1.0000
2018-04-10,8.8700,9.0300,8.8700,8.9200,8.9200,488446,0.0000,1.0000
2018-04-09,8.6500,8.9500,8.5400,8.8800,8.8800,565634,0.0000,1.0000
2018-04-06,8.7700,8.7700,8.5000,8.6400,8.6400,408818,0.0000,1.0000
2018-04-05,8.5600,8.9210,8.5600,8.7600,8.7600,692892,0.0000,1.0000
2018-04-04,8.3300,8.5000,8.2300,8.4900,8.4900,749519,0.0000,1.0000
2018-04-03,8.1600,8.4100,8.0799,8.3500,8.3500,930953,0.0000,1.0000
2018-04-02,8.1000,8.2900,7.9650,8.1200,8.1200,464443,0.0000,1.0000
2018-03-29,8.0000,8.1700,7.9900,8.1500,8.1500,337925,0.0000,1.0000
2018-03-28,8.1600,8.2500,7.9000,7.9900,7.9900,363025,0.0000,1.0000
2018-03-27,8.1400,8.3950,8.1000,8.1900,8.1900,324634,0.0000,1.0000
2018-03-26,8.1300,8.1900,8.0000,8.1400,8.1400,260656,0.0000,1.0000
2018-03-23,8.1400,8.2200,8.0000,8.0200,8.0200,470219,0.0000,1.0000
2018-03-22,8.1500,8.4700,8.0750,8.1000,8.1000,480664,0.0000,1.0000
2018-03-21,7.7900,8.2200,7.7400,8.1800,8.1800,589315,0.0000,1.0000
2018-03-20,7.8000,7.8600,7.7200,7.8100,7.8100,545485,0.0000,1.0000
2018-03-19,7.9000,7.9247,7.7200,7.7900,7.7900,373661,0.0000,1.0000
2018-03-16,8.1200,8.1950,7.8399,7.9300,7.9300,716722,0.0000,1.0000
2018-03-15,8.1500,8.1990,7.9900,8.0800,8.0800,389108,0.0000,1.0000
2018-03-14,8.3600,8.3800,8.1300,8.1700,8.1700,455064,0.0000,1.0000
2018-03-13,8.3000,8.4200,8.1497,8.3400,8.3400,648693,0.0000,1.0000
2018-03-12,8.0300,8.3100,7.9700,8.2600,8.2600,885402,0.0000,1.0000
2018-03-09,7.8600,8.1800,7.8600,8.0600,8.0600,490456,0.0000,1.0000
2018-03-08,8.0100,8.0100,7.7400,7.8600,7.8600,721966,0.0000,1.0000
2018-03-07,7.8800,7.9700,7.7000,7.9300,7.9300,742920,0.0000,1.0000
2018-03-06,8.1600,8.2000,7.9000,7.9300,7.9300,555784,0.0000,1.0000
2018-03-05,8.4300,8.4400,8.0600,8.0800,8.0800,622301,0.0000,1.0000
2018-03-02,8.6500,8.6700,8.3700,8.4300,8.4300,459064,0.0000,1.0000
2018-03-01,8.8800,9.0600,8.6100,8.7200,8.7200,428700,0.0000,1.0000
2018-02-28,8.6400,8.9800,8.1900,8.9200,8.9200,874309,0.0000,1.0000
2018-02-27,9.1000,9.1400,8.6100,8.6200,8.6200,856583,0.0000,1.0000
2018-02-26,8.8600,9.1600,8.8500,9.1000,9.1000,387983,0.0000,1.0000
2018-02-23,8.8000,9.0500,8.8000,8.8600,8.8600,595069,0.0000,1.0000
2018-02-22,9.2500,9.3100,8.9100,8.9100,8.9100,577378,0.0000,1.0000
2018-02-21,9.0800,9.2900,9.0700,9.1400,9.1400,1098964,0.0000,1.0000
2018-02-20,8.8400,9.0600,8.6500,9.0200,9.0200,1280648,0.0000,1.0000
2018-02-16,8.8200,8.8400,8.6300,8.6800,8.6800,675756,0.0000,1.0000
2018-02-15,8.4100,8.6300,8.3700,8.5600,8.5600,523735,0.0000,1.0000
2018-02-14,7.9600,8.4050,7.9600,8.3400,8.3400,366311,0.0000,1.0000
2018-02-13,7.9700,8.0500,7.9301,8.0300,8.0300,177183,0.0000,1.0000
2018-02-12,7.7000,8.0600,7.6200,7.9600,7.9600,348463,0.0000,1.0000
2018-02-09,7.9200,7.9400,7.5000,7.7100,7.7100,747534,0.0000,1.0000
2018-02-08,8.1700,8.1800,7.8500,7.8700,7.8700,531824,0.0000,1.0000
2018-02-07,8.0100,8.2000,8.0100,8.1400,8.1400,327921,0.0000,1.0000
2018-02-06,8.0000,8.2100,7.9700,8.0700,8.0700,582090,0.0000,1.0000
2018-02-05,8.3000,8.3600,8.0500,8.0500,8.0500,567504,0.0000,1.0000
2018-02-02,8.5000,8.5000,8.2000,8.3500,8.3500,491923,0.0000,1.0000
2018-02-01,8.4800,8.7200,8.4500,8.5700,8.5700,888581,0.0000,1.0000
2018-01-31,8.3800,8.5100,8.3000,8.4800,8.4800,594859,0.0000,1.0000
2018-01-30,8.3300,8.4300,8.2500,8.3200,8.3200,654758,0.0000,1.0000
2018-01-29,8.5100,8.5700,8.3900,8.4100,8.4100,431883,0.0000,1.0000
2018-01-26,8.3600,8.5270,8.2200,8.5200,8.5200,789423,0.0000,1.0000
2018-01-25,8.3800,8.5400,8.3600,8.3700,8.3700,556150,0.0000,1.0000
2018-01-24,8.1300,8.3400,8.1000,8.3200,8.3200,795025,0.0000,1.0000
2018-01-23,7.9600,8.1600,7.9000,8.1400,8.1400,571075,0.0000,1.0000
2018-01-22,8.3200,8.3200,7.9500,7.9600,7.9600,724908,0.0000,1.0000
2018-01-19,8.5000,8.5000,8.2800,8.2800,8.2800,832694,0.0000,1.0000
2018-01-18,8.6400,8.7000,8.4200,8.4200,8.4200,514834,0.0000,1.0000
2018-01-17,8.7600,8.8200,8.5400,8.6000,8.6000,1045530,0.0000,1.0000
2018-01-16,8.2000,8.8800,8.1800,8.7000,8.7000,1626707,0.0000,1.0000
2018-01-12,8.0600,8.0900,7.9600,8.0300,8.0300,564357,0.0000,1.0000
2018-01-11,7.8300,8.0100,7.7100,8.0100,8.0100,1020165,0.0000,1.0000
2018-01-10,8.0900,8.1200,7.7700,7.8300,7.8300,925532,0.0000,1.0000
2018-01-09,8.1100,8.1200,7.9500,8.0600,8.0600,446067,0.0000,1.0000
2018-01-08,8.2300,8.3550,8.0000,8.1500,8.1500,917433,0.0000,1.0000
2018-01-05,8.2900,8.4150,8.2400,8.3200,8.3200,992529,0.0000,1.0000
2018-01-04,8.3000,8.4650,8.2300,8.2700,8.2700,959919,0.0000,1.0000
2018-01-03,8.1500,8.3001,7.9300,8.2500,8.2500,1507475,0.0000,1.0000
2018-01-02,8.0600,8.3650,8.0600,8.1800,8.1800,795255,0.0000,1.0000
2017-12-29,7.9700,8.0700,7.9500,8.0200,8.0200,603156,0.0000,1.0000
2017-12-28,8.0900,8.1700,7.9500,7.9900,7.9900,405828,0.0000,1.0000
2017-12-27,8.2000,8.2351,8.0900,8.1000,8.1000,491971,0.0000,1.0000
2017-12-26,8.1700,8.2919,8.1200,8.2200,8.2200,730409,0.0000,1.0000
2017-12-22,8.2650,8.4400,8.1000,8.1900,8.1900,686939,0.0000,1.0000
2017-12-21,8.6000,8.6900,8.2800,8.3100,8.3100,1015642,0.0000,1.0000
2017-12-20,8.8650,8.8700,8.6500,8.6600,8.6600,652199,0.0000,1.0000
2017-12-19,8.9700,9.0300,8.8200,8.8600,8.8600,587045,0.0000,1.0000
2017-12-18,8.8500,8.9800,8.8500,8.9100,8.9100,492811,0.0000,1.0000
2017-12-15,9.1450,9.1700,8.8350,8.8500,8.8500,1008887,0.0000,1.0000
2017-12-14,8.8100,9.1600,8.8000,9.1200,9.1200,814700,0.0000,1.0000
2017-12-13,9.1800,9.2500,9.0999,9.1300,9.1300,917261,0.0000,1.0000
2017-12-12,9.2600,9.2900,9.0900,9.2000,9.2000,319081,0.0000,1.0000
2017-12-11,9.1200,9.2600,9.0200,9.2500,9.2500,1185351,0.0000,1.0000
2017-12-08,9.1300,9.3400,9.1000,9.1200,9.1200,250383,0.0000,1.0000
2017-12-07,9.0500,9.2500,9.0500,9.1200,9.1200,648337,0.0000,1.0000
2017-12-06,9.0500,9.1700,9.0200,9.1500,9.1500,621185,0.0000,1.0000
2017-12-05,9.3900,9.4100,9.0900,9.1200,9.1200,429484,0.0000,1.0000
2017-12-04,9.2200,9.5000,9.2200,9.3900,9.3900,729323,0.0000,1.0000
2017-12-01,9.1500,9.3050,9.0100,9.2500,9.2500,414606,0.0000,1.0000
2017-11-30,9.3000,9.3400,9.0800,9.1500,9.1500,700300,0.0000,1.0000
2017-11-29,9.4700,9.6100,9.2700,9.2800,9.2800,976037,0.0000,1.0000
2017-11-28,9.5000,9.7000,9.4800,9.6300,9.6300,400679,0.0000,1.0000
2017-11-27,9.7300,9.8400,9.5000,9.5200,9.5200,321983,0.0000,1.0000
2017-11-24,9.8600,9.8900,9.6500,9.7300,9.7300,142834,0.0000,1.0000
2017-11-22,9.8200,10.0300,9.8000,9.8600,9.8600,573564,0.0000,1.0000
2017-11-21,9.7400,9.9800,9.7300,9.8400,9.8400,589444,0.0000,1.0000
2017-11-20,9.7600,9.8100,9.7300,9.7500,9.7500,156847,0.0000,1.0000
2017-11-17,9.4800,9.8600,9.4500,9.8000,9.8000,442173,0.0000,1.0000
2017-11-16,9.5100,9.6500,9.3100,9.5500,9.5500,684304,0.0000,1.0000
2017-11-15,9.6000,9.6300,9.4000,9.4800,9.4800,507673,0.0000,1.0000
2017-11-14,9.6500,9.6900,9.6000,9.6400,9.6400,206006,0.0000,1.0000
2017-11-13,9.7200,9.7500,9.6100,9.6500,9.6500,162831,0.0000,1.0000
2017-11-10,9.6700,9.8700,9.6000,9.7100,9.7100,541548,0.0000,1.0000
2017-11-09,10.0000,10.0300,9.7100,9.7300,9.7300,683331,0.0000,1.0000
2017-11-08,10.0000,10.2000,10.0000,10.0000,10.0000,345697,0.0000,1.0000
2017-11-07,10.1400,10.2200,10.0000,10.0000,10.0000,567063,0.0000,1.0000
2017-11-06,10.0800,10.1300,9.9800,10.1200,10.1200,402645,0.0000,1.0000
2017-11-03,10.2700,10.3400,9.8900,10.0200,10.0200,612052,0.0000,1.0000
2017-11-02,10.3100,10.4100,10.2000,10.2500,10.2500,219865,0.0000,1.0000
2017-11-01,10.2100,10.3800,10.2100,10.3500,10.3500,411404,0.0000,1.0000
2017-10-31,10.4400,10.4400,10.1900,10.2300,10.2300,359062,0.0000,1.0000
2017-10-30,10.4700,10.6400,10.3700,10.4000,10.4000,412103,0.0000,1.0000
2017-10-27,10.1800,10.9300,10.1500,10.6600,10.6600,607646,0.0000,1.0000
2017-10-26,11.1600,11.2600,10.1400,10.1600,10.1600,1779566,0.0000,1.0000
2017-10-25,10.4000,11.6300,10.1600,11.2600,11.2600,1690101,0.0000,1.0000
2017-10-24,10.2300,10.2800,10.0300,10.2100,10.2100,901169,0.0000,1.0000
2017-10-23,10.4100,10.5000,10.2400,10.2600,10.2600,281948,0.0000,1.0000
2017-10-20,10.6000,10.6000,10.3700,10.4200,10.4200,646930,0.0000,1.0000
2017-10-19,10.7200,10.8000,10.5500,10.6000,10.6000,558889,0.0000,1.0000
2017-10-18,10.8900,10.9500,10.7400,10.7800,10.7800,364661,0.0000,1.0000
2017-10-17,11.0100,11.1800,10.6700,10.8800,10.8800,385440,0.0000,1.0000
2017-10-16,11.3000,11.3500,10.9400,11.0700,11.0700,631484,0.0000,1.0000
2017-10-13,11.4400,11.4400,11.2700,11.3300,11.3300,437120,0.0000,1.0000
2017-10-12,11.4700,11.5900,11.4400,11.4600,11.4600,327142,0.0000,1.0000
2017-10-11,11.5300,11.6400,11.4200,11.4600,11.4600,329464,0.0000,1.0000
2017-10-10,11.5400,11.7600,11.4400,11.4800,11.4800,288326,0.0000,1.0000
2017-10-09,11.8500,11.8500,11.4000,11.4300,11.4300,532391,0.0000,1.0000
2017-10-06,11.9100,12.0100,11.7600,11.8000,11.8000,543531,0.0000,1.0000
2017-10-05,12.1200,12.1600,11.8700,11.9900,11.9900,543118,0.0000,1.0000
2017-10-04,12.2300,12.3000,12.0900,12.1400,12.1400,300170,0.0000,1.0000
2017-10-03,11.9600,12.2200,11.8800,12.1900,12.1900,698193,0.0000,1.0000
2017-10-02,11.8700,12.0600,11.8000,12.0200,12.0200,323898,0.0000,1.0000
2017-09-29,11.9400,12.0200,11.8400,11.8700,11.8700,400166,0.0000,1.0000
2017-09-28,11.7700,11.9500,11.7300,11.9300,11.9300,261396,0.0000,1.0000
2017-09-27,11.8600,11.9000,11.7300,11.8300,11.8300,466218,0.0000,1.0000
2017-09-26,11.8500,11.8800,11.7600,11.8000,11.8000,213122,0.0000,1.0000
2017-09-25,11.8200,12.0000,11.7300,11.8000,11.8000,379045,0.0000,1.0000
2017-09-22,11.9000,11.9900,11.7900,11.8600,11.8600,204339,0.0000,1.0000
2017-09-21,11.7900,11.9500,11.7400,11.8600,11.8600,418266,0.0000,1.0000
2017-09-20,11.7700,12.0400,11.6700,11.8600,11.8600,397610,0.0000,1.0000
2017-09-19,11.8500,11.9700,11.6200,11.8300,11.8300,350016,0.0000,1.0000
2017-09-18,12.3300,12.3300,11.8400,11.8900,11.8900,379019,0.0000,1.0000
2017-09-15,12.4700,12.5200,12.1850,12.2300,12.2300,355024,0.0000,1.0000
2017-09-14,12.4100,12.5400,12.3900,12.4200,12.4200,273517,0.0000,1.0000
2017-09-13,12.4200,12.5800,12.4200,12.4800,12.4800,311237,0.0000,1.0000
2017-09-12,12.2800,12.5700,12.2200,12.5100,12.5100,230974,0.0000,1.0000
2017-09-11,12.1600,12.4000,12.0800,12.3100,12.3100,508468,0.0000,1.0000
2017-09-08,12.3600,12.4900,12.0300,12.0800,12.0800,387675,0.0000,1.0000
2017-09-07,12.6900,12.6900,12.3500,12.3600,12.3600,288903,0.0000,1.0000
2017-09-06,12.6500,12.8100,12.3800,12.6100,12.6100,418076,0.0000,1.0000
2017-09-05,12.7700,12.8700,12.4600,12.6100,12.6100,378721,0.0000,1.0000
2017-09-01,12.6700,12.8200,12.6700,12.7900,12.7900,196545,0.0000,1.0000
2017-08-31,12.9500,13.0200,12.4200,12.6100,12.6100,417174,0.0000,1.0000
2017-08-30,13.0100,13.0600,12.8500,12.9100,12.9100,270823,0.0000,1.0000
2017-08-29,12.8400,13.0200,12.8000,13.0100,13.0100,290604,0.0000,1.0000
2017-08-28,12.9900,13.0500,12.8200,12.8900,12.8900,208135,0.0000,1.0000
2017-08-25,12.7200,13.1100,12.7000,13.0600,13.0600,179438,0.0000,1.0000
2017-08-24,12.8600,12.9500,12.6900,12.7400,12.7400,357239,0.0000,1.0000
2017-08-23,12.7900,12.8800,12.7100,12.8400,12.8400,269480,0.0000,1.0000
2017-08-22,13.0500,13.2000,12.8500,12.8600,12.8600,406926,0.0000,1.0000
2017-08-21,13.2400,13.2400,12.9500,12.9900,12.9900,536232,0.0000,1.0000
2017-08-18,13.0800,13.3400,13.0100,13.1800,13.1800,229414,0.0000,1.0000
2017-08-17,13.3100,13.3800,13.0600,13.0700,13.0700,216558,0.0000,1.0000
2017-08-16,13.3300,13.5000,13.2500,13.3300,13.3300,81031,0.0000,1.0000
2017-08-15,13.4400,13.4400,13.2300,13.2800,13.2800,159398,0.0000,1.0000
2017-08-14,13.2600,13.4400,13.2200,13.3400,13.3400,335026,0.0000,1.0000
2017-08-11,13.1000,13.3700,12.7200,13.1800,13.1800,370348,0.0000,1.0000
2017-08-10,13.2600,13.4300,13.1700,13.2400,13.2400,425041,0.0000,1.0000
2017-08-09,13.5000,13.5100,13.2500,13.3200,13.3200,247168,0.0000,1.0000
2017-08-08,13.4300,13.6800,13.4300,13.5300,13.5300,197110,0.0000,1.0000
2017-08-07,13.2800,13.5200,13.1400,13.4300,13.4300,495724,0.0000,1.0000
2017-08-04,13.4100,13.5400,13.2500,13.2500,13.2500,336540,0.0000,1.0000
2017-08-03,13.4800,13.5900,13.3100,13.3700,13.3700,265630,0.0000,1.0000
2017-08-02,13.6400,13.7500,13.4700,13.5800,13.5800,455659,0.0000,1.0000
2017-08-01,13.7300,13.8500,13.6400,13.6400,13.6400,562067,0.0000,1.0000
2017-07-31,13.4200,13.7800,13.4200,13.7000,13.7000,626284,0.0000,1.0000
2017-07-28,13.4700,13.5000,13.3600,13.4800,13.4800,210215,0.0000,1.0000
2017-07-27,13.5800,13.6800,13.4100,13.4900,13.4900,570756,0.0000,1.0000
2017-07-26,13.9600,14.0000,13.5300,13.6900,13.6900,421088,0.0000,1.0000
2017-07-25,14.3500,14.4200,14.0200,14.0200,14.0200,637040,0.0000,1.0000
2017-07-24,14.7700,14.7900,14.1600,14.3100,14.3100,666581,0.0000,1.0000
2017-07-21,15.3900,15.3900,14.7100,14.7200,14.7200,645203,0.0000,1.0000
2017-07-20,15.4600,15.5300,15.0000,15.3500,15.3500,324285,0.0000,1.0000
2017-07-19,15.5200,15.6300,15.4000,15.4900,15.4900,290662,0.0000,1.0000
2017-07-18,15.7500,15.8200,15.5400,15.5400,15.5400,284693,0.0000,1.0000
2017-07-17,15.7400,15.9900,15.6800,15.7800,15.7800,343077,0.0000,1.0000
2017-07-14,15.7000,15.8300,15.6700,15.7500,15.7500,259063,0.0000,1.0000
2017-07-13,15.8100,15.8300,15.4600,15.7300,15.7300,317561,0.0000,1.0000
2017-07-12,15.5400,16.0000,15.4200,15.8200,15.8200,585720,0.0000,1.0000
2017-07-11,15.6300,15.7500,15.4500,15.4700,15.4700,359559,0.0000,1.0000
2017-07-10,15.6200,15.9300,15.5800,15.6400,15.6400,408469,0.0000,1.0000
2017-07-07,15.2500,15.8300,15.2500,15.7400,15.7400,371312,0.0000,1.0000
2017-07-06,15.0200,15.2600,14.9300,15.2500,15.2500,356882,0.0000,1.0000
2017-07-05,14.8300,15.1400,14.6800,15.1200,15.1200,330694,0.0000,1.0000
2017-07-03,14.5800,15.0700,14.4900,14.8300,14.8300,277403,0.0000,1.0000
2017-06-30,14.5900,14.8100,14.5100,14.5500,14.5500,546573,0.0000,1.0000
2017-06-29,14.6600,14.8500,14.4100,14.4800,14.4800,314791,0.0000,1.0000
2017-06-28,14.3500,14.5400,14.2400,14.4600,14.4600,242452,0.0000,1.0000
2017-06-27,14.7200,14.7200,14.2800,14.2900,14.2900,210345,0.0000,1.0000
2017-06-26,14.6800,14.8900,14.5800,14.7500,14.7500,499479,0.0000,1.0000
2017-06-23,14.4800,14.7200,14.3800,14.6400,14.6400,228694,0.0000,1.0000
2017-06-22,14.2700,14.5900,14.0100,14.4500,14.4500,205559,0.0000,1.0000
2017-06-21,14.2200,14.2300,13.9800,14.1300,14.1300,324774,0.0000,1.0000
2017-06-20,14.2200,14.4300,14.1100,14.1300,14.1300,346846,0.0000,1.0000
2017-06-19,14.2600,14.4000,14.1000,14.3400,14.3400,299483,0.0000,1.0000
2017-06-16,14.0000,14.3600,13.8000,14.2800,14.2800,292790,0.0000,1.0000
2017-06-15,13.9100,14.0200,13.8300,13.9500,13.9500,264889,0.0000,1.0000
2017-06-14,14.0400,14.3600,13.9700,14.1100,14.1100,355776,0.0000,1.0000
2017-06-13,13.8000,14.2600,13.7900,14.1500,14.1500,487791,0.0000,1.0000
2017-06-12,13.8800,13.8800,13.6200,13.7500,13.7500,442573,0.0000,1.0000
2017-06-09,13.9200,14.0400,13.8600,13.9100,13.9100,561268,0.0000,1.0000
2017-06-08,13.9300,13.9900,13.6700,13.9600,13.9600,289163,0.0000,1.0000
2017-06-07,13.9500,13.9700,13.5300,13.9100,13.9100,419176,0.0000,1.0000
2017-06-06,13.2700,13.9300,13.2100,13.9200,13.9200,574831,0.0000,1.0000
2017-06-05,12.9400,13.5000,12.9400,13.2400,13.2400,822431,0.0000,1.0000
2017-06-02,13.1000,13.2500,12.9500,12.9800,12.9800,429108,0.0000,1.0000
2017-06-01,12.9500,13.1900,12.8300,13.1000,13.1000,724766,0.0000,1.0000
2017-05-31,13.1100,13.2300,12.6900,13.0500,13.0500,870286,0.0000,1.0000
2017-05-30,13.6000,13.6000,13.3300,13.3300,13.3300,270999,0.0000,1.0000
2017-05-26,13.4800,13.7300,13.2700,13.6900,13.6900,224749,0.0000,1.0000
2017-05-25,13.2300,13.6000,13.1300,13.5700,13.5700,230573,0.0000,1.0000
2017-05-24,13.4400,13.4400,13.1500,13.1700,13.1700,580735,0.0000,1.0000
2017-05-23,13.5900,13.6400,13.2600,13.3300,13.3300,332935,0.0000,1.0000
2017-05-22,13.6300,13.7000,13.4300,13.5800,13.5800,370876,0.0000,1.0000
2017-05-19,13.7000,13.7700,13.3300,13.4600,13.4600,657182,0.0000,1.0000
2017-05-18,13.5900,13.7700,13.3700,13.6300,13.6300,631239,0.0000,1.0000
2017-05-17,13.7100,13.9000,13.3800,13.8300,13.8300,753561,0.0000,1.0000
2017-05-16,13.4400,13.8900,13.4400,13.8400,13.8400,743729,0.0000,1.0000
2017-05-15,13.4000,13.5700,13.3900,13.4800,13.4800,599662,0.0000,1.0000
2017-05-12,13.2600,13.5200,13.2600,13.4300,13.4300,605062,0.0000,1.0000
2017-05-11,13.1400,13.3600,12.9100,13.3600,13.3600,467556,0.0000,1.0000
2017-05-10,12.7700,13.2100,12.7000,13.1400,13.1400,491260,0.0000,1.0000
2017-05-09,13.0000,13.2900,12.7000,12.7400,12.7400,547120,0.0000,1.0000
2017-05-08,13.2500,13.5200,13.1300,13.1900,13.1900,643942,0.0000,1.0000
2017-05-05,12.9300,13.1300,12.8500,13.0800,13.0800,564664,0.0000,1.0000
2017-05-04,12.8700,13.0400,12.8400,12.9200,12.9200,324162,0.0000,1.0000
2017-05-03,12.8100,12.9300,12.7800,12.8400,12.8400,414594,0.0000,1.0000
2017-05-02,12.5900,12.9200,12.5800,12.9000,12.9000,465157,0.0000,1.0000
2017-05-01,12.5100,12.7500,12.4900,12.5600,12.5600,310620,0.0000,1.0000
2017-04-28,12.6600,12.7000,12.5200,12.6100,12.6100,377813,0.0000,1.0000
2017-04-27,12.7600,12.8000,12.5400,12.6700,12.6700,477831,0.0000,1.0000
2017-04-26,13.2100,13.2100,12.7200,12.7400,12.7400,848037,0.0000,1.0000
2017-04-25,13.5700,13.5700,13.0700,13.1500,13.1500,741255,0.0000,1.0000
2017-04-24,13.3700,13.5800,13.1500,13.5400,13.5400,501331,0.0000,1.0000
2017-04-21,14.0400,14.0500,13.2100,13.2200,13.2200,764417,0.0000,1.0000
2017-04-20,12.8600,14.3000,12.6100,13.9600,13.9600,2369473,0.0000,1.0000
2017-04-19,13.9900,14.0200,13.7700,14.0200,14.0200,734993,0.0000,1.0000
2017-04-18,14.1900,14.2500,13.9000,13.9500,13.9500,499827,0.0000,1.0000
2017-04-17,14.2000,14.2300,14.0200,14.1700,14.1700,238662,0.0000,1.0000
2017-04-13,14.2100,14.2100,14.0200,14.0500,14.0500,258299,0.0000,1.0000
2017-04-12,14.1500,14.3400,13.8900,14.3000,14.3000,341135,0.0000,1.0000
2017-04-11,14.3300,14.3900,13.9800,14.0900,14.0900,367237,0.0000,1.0000
2017-04-10,14.4200,14.4800,14.1800,14.3200,14.3200,248712,0.0000,1.0000
2017-04-07,14.2200,14.5200,14.0900,14.3900,14.3900,298639,0.0000,1.0000
2017-04-06,14.5100,14.5100,14.2100,14.2400,14.2400,497139,0.0000,1.0000
2017-04-05,14.3600,15.0300,14.2100,14.3900,14.3900,637171,0.0000,1.0000
2017-04-04,14.0000,14.1400,13.7800,14.0900,14.0900,284030,0.0000,1.0000
2017-04-03,13.9300,14.0100,13.7700,13.9900,13.9900,176869,0.0000,1.0000
2017-03-31,13.9900,14.0100,13.7600,13.9400,13.9400,282702,0.0000,1.0000
2017-03-30,14.0300,14.0800,13.9300,14.0200,14.0200,396883,0.0000,1.0000
2017-03-29,14.1100,14.1600,13.9900,14.0800,14.0800,398625,0.0000,1.0000
2017-03-28,13.5300,14.1100,13.4200,14.0900,14.0900,666460,0.0000,1.0000
2017-03-27,12.9400,13.7200,12.9400,13.5600,13.5600,694675,0.0000,1.0000
2017-03-24,13.1100,13.2700,13.0500,13.2600,13.2600,362297,0.0000,1.0000
2017-03-23,12.7700,13.0800,12.6600,13.0400,13.0400,438625,0.0000,1.0000
2017-03-22,12.8600,12.9100,12.5000,12.8300,12.8300,281883,0.0000,1.0000
2017-03-21,12.9100,13.0500,12.7800,12.8000,12.8000,511619,0.0000,1.0000
2017-03-20,12.8300,12.9100,12.7000,12.7700,12.7700,314879,0.0000,1.0000
2017-03-17,12.9400,12.9900,12.7300,12.8400,12.8400,568513,0.0000,1.0000
2017-03-16,13.0100,13.0500,12.7600,12.9200,12.9200,371859,0.0000,1.0000
2017-03-15,12.2100,12.9900,12.0300,12.9500,12.9500,970824,0.0000,1.0000
2017-03-14,12.3200,12.3300,12.0300,12.1500,12.1500,533226,0.0000,1.0000
2017-03-13,12.4200,12.5900,12.3500,12.3700,12.3700,364264,0.0000,1.0000
2017-03-10,12.3200,12.5100,12.2800,12.4500,12.4500,447212,0.0000,1.0000
2017-03-09,12.2700,12.3900,12.1800,12.2800,12.2800,304772,0.0000,1.0000
2017-03-08,12.4200,12.4200,12.1500,12.2100,12.2100,340775,0.0000,1.0000
2017-03-07,12.0700,12.3000,11.9700,12.2800,12.2800,600784,0.0000,1.0000
2017-03-06,12.7600,12.8000,12.2000,12.3000,12.3000,728681,0.0000,1.0000
2017-03-03,12.7100,13.1000,12.6800,12.7600,12.7600,570136,0.0000,1.0000
2017-03-02,12.5600,12.7400,12.3100,12.5400,12.5400,699136,0.0000,1.0000
2017-03-01,12.3100,12.7000,12.2200,12.5600,12.5600,666946,0.0000,1.0000
2017-02-28,11.8900,12.2200,11.7700,12.1200,12.1200,550282,0.0000,1.0000
2017-02-27,11.6900,11.8900,11.5300,11.8600,11.8600,816537,0.0000,1.0000
2017-02-24,11.5300,11.7600,11.3300,11.7300,11.7300,655908,0.0000,1.0000
2017-02-23,11.7500,12.1400,11.4900,11.5000,11.5000,1482174,0.0000,1.0000
2017-02-22,12.8000,12.8900,12.0200,12.1500,12.1500,1612133,0.0000,1.0000
2017-02-21,13.3200,13.3400,12.3000,12.8200,12.8200,1447605,0.0000,1.0000
2017-02-17,14.4900,14.9200,13.3800,13.6400,13.6400,1214894,0.0000,1.0000
2017-02-16,14.7200,14.7700,14.3700,14.4900,14.4900,308444,0.0000,1.0000
2017-02-15,14.5100,14.8100,14.3300,14.7500,14.7500,263157,0.0000,1.0000
2017-02-14,14.7200,14.7200,14.3500,14.4700,14.4700,301059,0.0000,1.0000
2017-02-13,14.8600,14.9100,14.6200,14.6500,14.6500,407729,0.0000,1.0000
2017-02-10,14.6000,14.9200,14.5600,14.8700,14.8700,311771,0.0000,1.0000
2017-02-09,14.5500,14.6500,14.4200,14.6000,14.6000,295234,0.0000,1.0000
2017-02-08,14.4600,14.6100,14.3000,14.5700,14.5700,465425,0.0000,1.0000
2017-02-07,14.4600,14.5900,14.3700,14.4100,14.4100,453957,0.0000,1.0000
2017-02-06,14.4400,14.5600,14.3900,14.4400,14.4400,404562,0.0000,1.0000
2017-02-03,14.2900,14.7400,14.1600,14.5100,14.5100,563890,0.0000,1.0000
2017-02-02,13.7200,14.2300,13.6900,14.2000,14.2000,487115,0.0000,1.0000
2017-02-01,13.6500,13.8000,13.5700,13.6900,13.6900,586261,0.0000,1.0000
2017-01-31,13.5200,13.5900,13.1800,13.5700,13.5700,329937,0.0000,1.0000
2017-01-30,13.4800,13.5700,13.3000,13.3800,13.3800,283161,0.0000,1.0000
2017-01-27,13.6400,13.6700,13.3200,13.4800,13.4800,374266,0.0000,1.0000
2017-01-26,13.5200,13.7300,13.4296,13.5800,13.5800,362180,0.0000,1.0000
2017-01-25,13.5300,13.7400,13.3900,13.6000,13.6000,892433,0.0000,1.0000
2017-01-24,13.2300,13.5900,13.1700,13.4800,13.4800,523985,0.0000,1.0000
2017-01-23,13.0500,13.2000,12.8700,13.1700,13.1700,413798,0.0000,1.0000
2017-01-20,12.9600,13.1900,12.8300,13.1000,13.1000,359986,0.0000,1.0000
2017-01-19,13.2600,13.2700,12.8300,12.8500,12.8500,381253,0.0000,1.0000
2017-01-18,13.5300,13.5700,13.0000,13.2300,13.2300,443379,0.0000,1.0000
2017-01-17,13.7100,13.8200,13.4500,13.5800,13.5800,444312,0.0000,1.0000
2017-01-13,13.8700,14.0300,13.7500,13.8400,13.8400,612834,0.0000,1.0000
2017-01-12,13.8500,13.9700,13.7100,13.7500,13.7500,1037493,0.0000,1.0000
2017-01-11,13.9600,14.0900,13.6700,13.8400,13.8400,472696,0.0000,1.0000
2017-01-10,14.1300,14.1800,13.8200,13.9900,13.9900,657419,0.0000,1.0000
2017-01-09,14.7500,14.9100,14.1950,14.2000,14.2000,424253,0.0000,1.0000
2017-01-06,15.0000,15.0900,14.5600,14.6300,14.6300,335527,0.0000,1.0000
2017-01-05,15.0000,15.1200,14.9000,15.0000,15.0000,301835,0.0000,1.0000
2017-01-04,14.9600,15.2000,14.9000,15.0000,15.0000,472504,0.0000,1.0000
2017-01-03,14.9700,15.4100,14.8400,14.9200,14.9200,360778,0.0000,1.0000
2016-12-30,15.0300,15.0800,14.9000,15.0400,15.0400,233189,0.0000,1.0000
2016-12-29,14.7000,15.0900,14.7000,15.0200,15.0200,196126,0.0000,1.0000
2016-12-28,14.5100,14.7000,14.4800,14.6100,14.6100,108551,0.0000,1.0000
2016-12-27,14.7000,14.8800,14.4800,14.5100,14.5100,187942,0.0000,1.0000
2016-12-23,14.7100,14.9200,14.6100,14.7200,14.7200,89300,0.0000,1.0000
2016-12-22,14.7200,14.8633,14.5900,14.7700,14.7700,485577,0.0000,1.0000
2016-12-21,15.0700,15.0700,14.7800,14.9100,14.9100,208843,0.0000,1.0000
2016-12-20,14.7700,15.0900,14.7500,15.0100,15.0100,216706,0.0000,1.0000
2016-12-19,14.9500,15.0700,14.7700,14.8500,14.8500,255867,0.0000,1.0000
2016-12-16,15.0900,15.2050,14.8465,15.0000,15.0000,236534,0.0000,1.0000
2016-12-15,14.6400,15.3400,14.5600,15.2300,15.2300,713717,0.0000,1.0000
2016-12-14,15.0300,15.2653,14.6200,14.6500,14.6500,492634,0.0000,1.0000
2016-12-13,15.0300,15.4500,14.9500,14.9900,14.9900,746532,0.0000,1.0000
2016-12-12,15.0900,15.1200,14.8400,15.0700,15.0700,368989,0.0000,1.0000
2016-12-09,15.0800,15.1700,14.9675,15.0500,15.0500,224543,0.0000,1.0000
2016-12-08,14.7600,15.1000,14.7000,15.0300,15.0300,535239,0.0000,1.0000
2016-12-07,15.0000,15.0200,14.7200,14.8800,14.8800,311227,0.0000,1.0000
2016-12-06,14.5200,15.0200,14.5200,14.9300,14.9300,446304,0.0000,1.0000
2016-12-05,13.8300,14.4000,13.8100,14.2900,14.2900,430279,0.0000,1.0000
2016-12-02,14.3600,14.4900,13.7100,13.7700,13.7700,469804,0.0000,1.0000
2016-12-01,14.6200,14.6500,14.2300,14.2600,14.2600,507021,0.0000,1.0000
2016-11-30,14.9300,14.9300,14.6400,14.6500,14.6500,322914,0.0000,1.0000
2016-11-29,14.9500,15.0800,14.8600,14.8700,14.8700,318653,0.0000,1.0000
2016-11-28,15.2500,15.2794,14.9600,14.9900,14.9900,199250,0.0000,1.0000
2016-11-25,15.0000,15.4200,14.7900,15.2200,15.2200,116142,0.0000,1.0000
2016-11-23,15.0800,15.1800,14.7500,14.9200,14.9200,244095,0.0000,1.0000
2016-11-22,15.5100,15.8000,15.0000,15.2500,15.2500,430457,0.0000,1.0000
2016-11-21,15.5500,15.7500,15.2500,15.6400,15.6400,224002,0.0000,1.0000
2016-11-18,16.0200,16.0600,14.9900,15.2000,15.2000,582531,0.0000,1.0000
2016-11-17,15.4000,16.0200,15.4000,16.0000,16.0000,331607,0.0000,1.0000
2016-11-16,15.6500,15.8400,15.4000,15.4300,15.4300,212475,0.0000,1.0000
2016-11-15,15.7300,16.2100,15.5700,15.8100,15.8100,393675,0.0000,1.0000
2016-11-14,15.4400,15.6400,15.3150,15.5000,15.5000,341389,0.0000,1.0000
2016-11-11,15.8000,15.8700,15.3000,15.4100,15.4100,410218,0.0000,1.0000
2016-11-10,17.0300,17.0300,15.6500,15.8500,15.8500,845324,0.0000,1.0000
2016-11-09,17.9900,18.6300,16.9700,17.2200,17.2200,902800,0.0000,1.0000
2016-11-08,19.0600,19.5100,18.9200,19.3000,19.3000,651216,0.0000,1.0000
2016-11-07,18.6500,19.2050,18.4300,19.1000,19.1000,695101,0.0000,1.0000
2016-11-04,17.8600,18.3400,17.5400,18.0800,18.0800,340149,0.0000,1.0000
2016-11-03,18.2100,18.3100,17.8300,17.9400,17.9400,128934,0.0000,1.0000
2016-11-02,18.1100,18.3100,18.0600,18.1000,18.1000,79181,0.0000,1.0000
2016-11-01,19.0900,19.1000,18.1400,18.2000,18.2000,179857,0.0000,1.0000
2016-10-31,18.7800,19.2300,18.6700,19.1100,19.1100,273252,0.0000,1.0000
2016-10-28,19.3900,19.7400,18.5100,18.7000,18.7000,420249,0.0000,1.0000
2016-10-27,19.2200,19.4100,18.9700,19.2500,19.2500,770433,0.0000,1.0000
2016-10-26,20.0300,20.0300,18.7400,19.1200,19.1200,419638,0.0000,1.0000
2016-10-25,19.9700,19.9700,19.7200,19.7300,19.7300,241642,0.0000,1.0000
2016-10-24,19.8900,19.9700,19.8400,19.8900,19.8900,109970,0.0000,1.0000
2016-10-21,19.4800,19.8100,19.3000,19.7700,19.7700,157594,0.0000,1.0000
2016-10-20,19.5900,19.8000,19.5900,19.6300,19.6300,118106,0.0000,1.0000
2016-10-19,19.3600,19.6900,19.3100,19.6600,19.6600,187043,0.0000,1.0000
2016-10-18,19.2800,19.4700,19.1300,19.3500,19.3500,155287,0.0000,1.0000
2016-10-17,19.0200,19.1700,18.9600,19.0100,19.0100,261967,0.0000,1.0000
2016-10-14,18.8300,19.0000,18.6700,18.9200,18.9200,236933,0.0000,1.0000
2016-10-13,18.3800,18.8600,18.2900,18.8100,18.8100,475853,0.0000,1.0000
2016-10-12,18.2200,18.4500,18.1600,18.4300,18.4300,134350,0.0000,1.0000
2016-10-11,18.2100,18.3400,18.0100,18.1400,18.1400,152630,0.0000,1.0000
2016-10-10,17.9300,18.3300,17.7300,18.2100,18.2100,108292,0.0000,1.0000
2016-10-07,17.9000,17.9500,17.5000,17.6700,17.6700,116565,0.0000,1.0000
2016-10-06,17.8800,18.0700,17.7200,17.8700,17.8700,185841,0.0000,1.0000
2016-10-05,17.6500,18.0700,17.6300,17.9600,17.9600,286357,0.0000,1.0000
2016-10-04,17.5600,17.7600,17.4800,17.6400,17.6400,140890,0.0000,1.0000
2016-10-03,17.4800,17.6500,17.2500,17.6100,17.6100,82000,0.0000,1.0000
2016-09-30,17.3300,17.5300,17.1500,17.3900,17.3900,1062605,0.0000,1.0000
2016-09-29,17.3100,17.4550,17.0000,17.2200,17.2200,935282,0.0000,1.0000
2016-09-28,17.5800,17.7000,17.2100,17.3000,17.3000,234208,0.0000,1.0000
2016-09-27,17.3000,17.6000,17.1000,17.5500,17.5500,268060,0.0000,1.0000
2016-09-26,17.4600,17.4600,17.0600,17.1400,17.1400,201172,0.0000,1.0000
2016-09-23,17.5000,17.6100,17.3100,17.4600,17.4600,195631,0.0000,1.0000
2016-09-22,17.3600,17.5900,17.3600,17.4900,17.4900,311706,0.0000,1.0000
2016-09-21,17.2500,17.3900,17.0000,17.1900,17.1900,146297,0.0000,1.0000
2016-09-20,17.1000,17.3000,17.0500,17.1400,17.1400,414317,0.0000,1.0000
2016-09-19,17.1100,17.3500,16.9800,17.0900,17.0900,383992,0.0000,1.0000
2016-09-16,16.9100,17.2300,16.9100,17.0500,17.0500,117539,0.0000,1.0000
2016-09-15,17.5400,17.6600,17.0100,17.1200,17.1200,380243,0.0000,1.0000
2016-09-14,17.4300,17.6000,17.3400,17.4500,17.4500,302951,0.0000,1.0000
2016-09-13,17.2900,17.5300,16.7900,17.3800,17.3800,348659,0.0000,1.0000
2016-09-12,17.5700,17.7200,17.0500,17.6100,17.6100,216806,0.0000,1.0000
2016-09-09,17.8200,17.9500,17.6200,17.8300,17.8300,237271,0.0000,1.0000
2016-09-08,18.4500,18.6100,17.9500,18.0100,18.0100,408099,0.0000,1.0000
2016-09-07,18.4000,18.4600,18.0900,18.2700,18.2700,230511,0.0000,1.0000
2016-09-06,18.1000,18.3700,18.0200,18.3400,18.3400,190196,0.0000,1.0000
2016-09-02,17.8400,18.0600,17.8300,17.9800,17.9800,152745,0.0000,1.0000
2016-09-01,17.7700,17.9100,17.5300,17.7200,17.7200,81047,0.0000,1.0000
2016-08-31,17.6500,17.8300,17.5300,17.7900,17.7900,211296,0.0000,1.0000
2016-08-30,17.8200,17.8200,17.6300,17.6900,17.6900,176912,0.0000,1.0000
2016-08-29,17.8600,17.9100,17.6500,17.7500,17.7500,114571,0.0000,1.0000
2016-08-26,17.7500,18.1200,17.7000,17.9000,17.9000,301824,0.0000,1.0000
2016-08-25,17.8000,17.8400,17.6000,17.6500,17.6500,495053,0.0000,1.0000
2016-08-24,17.8100,17.8900,17.4800,17.7400,17.7400,218780,0.0000,1.0000
2016-08-23,18.2300,18.3100,17.7750,17.8100,17.8100,161633,0.0000,1.0000
2016-08-22,18.3100,18.3100,17.8500,18.0800,18.0800,444952,0.0000,1.0000
2016-08-19,18.4800,18.4800,18.1400,18.3000,18.3000,112834,0.0000,1.0000
2016-08-18,18.7000,18.8100,18.2700,18.5300,18.5300,155924,0.0000,1.0000
2016-08-17,18.8100,18.9900,18.3000,18.5600,18.5600,188476,0.0000,1.0000
2016-08-16,18.8500,18.9800,18.8100,18.8800,18.8800,123565,0.0000,1.0000
2016-08-15,18.8200,18.9900,18.7800,18.7800,18.7800,136973,0.0000,1.0000
2016-08-12,18.8300,18.9900,18.6500,18.7900,18.7900,175233,0.0000,1.0000
2016-08-11,19.0000,19.0000,18.7200,18.7900,18.7900,194559,0.0000,1.0000
2016-08-10,18.7700,19.0000,18.7300,18.8400,18.8400,134272,0.0000,1.0000
2016-08-09,18.7500,18.9200,18.6400,18.7200,18.7200,100607,0.0000,1.0000
2016-08-08,18.6200,18.8600,18.1100,18.6100,18.6100,235500,0.0000,1.0000
2016-08-05,18.2000,18.6000,18.1200,18.5200,18.5200,150036,0.0000,1.0000
2016-08-04,18.0500,18.1900,17.8600,18.1800,18.1800,298315,0.0000,1.0000
2016-08-03,17.7200,18.1400,17.6800,17.9800,17.9800,378009,0.0000,1.0000
2016-08-02,18.2500,18.2500,17.6601,17.9100,17.9100,706273,0.0000,1.0000
2016-08-01,18.2500,18.4800,18.0500,18.3400,18.3400,169740,0.0000,1.0000
2016-07-29,18.4200,18.5200,18.0800,18.1000,18.1000,434354,0.0000,1.0000
2016-07-28,18.6700,18.6700,18.2400,18.4700,18.4700,360664,0.0000,1.0000
2016-07-27,18.6100,18.8030,18.3000,18.4400,18.4400,368583,0.0000,1.0000
2016-07-26,18.7200,18.9900,18.5200,18.6500,18.6500,361513,0.0000,1.0000
2016-07-25,19.3700,19.4100,18.6400,18.6800,18.6800,354442,0.0000,1.0000
2016-07-22,19.0100,19.4700,18.5400,19.4700,19.4700,315402,0.0000,1.0000
2016-07-21,18.3700,18.8100,18.2400,18.7400,18.7400,342619,0.0000,1.0000
2016-07-20,18.7000,18.7000,18.4400,18.4500,18.4500,375626,0.0000,1.0000
2016-07-19,18.9700,18.9700,18.6800,18.7000,18.7000,111994,0.0000,1.0000
2016-07-18,18.7600,19.0700,18.7500,18.9600,18.9600,150734,0.0000,1.0000
2016-07-15,18.8800,19.2100,18.5200,18.7600,18.7600,395262,0.0000,1.0000
2016-07-14,19.1100,19.2100,18.8700,19.0100,19.0100,243909,0.0000,1.0000
2016-07-13,19.3200,19.3200,18.8400,19.0700,19.0700,138799,0.0000,1.0000
2016-07-12,18.8700,19.3200,18.8700,19.2300,19.2300,202149,0.0000,1.0000
2016-07-11,18.7400,18.9200,18.6700,18.7900,18.7900,165998,0.0000,1.0000
2016-07-08,18.5200,18.7700,18.3600,18.6900,18.6900,188678,0.0000,1.0000
2016-07-07,18.3900,18.5700,18.2700,18.3400,18.3400,377107,0.0000,1.0000
2016-07-06,18.4700,18.5900,18.1600,18.4300,18.4300,250729,0.0000,1.0000
2016-07-05,18.2400,18.8200,18.0400,18.5700,18.5700,347638,0.0000,1.0000
2016-07-01,18.7100,18.9100,18.6000,18.6400,18.6400,185756,0.0000,1.0000
2016-06-30,18.4800,18.9200,18.4100,18.6900,18.6900,342401,0.0000,1.0000
2016-06-29,18.1700,18.7000,18.1700,18.5300,18.5300,221935,0.0000,1.0000
2016-06-28,17.6800,18.1100,17.6000,18.0100,18.0100,348857,0.0000,1.0000
2016-06-27,16.9400,17.7900,16.7200,17.4200,17.4200,578366,0.0000,1.0000
2016-06-24,16.6100,17.1700,15.0600,17.0500,17.0500,663921,0.0000,1.0000
2016-06-23,17.9100,17.9999,17.5900,17.7900,17.7900,292288,0.0000,1.0000
2016-06-22,17.4200,17.7150,17.4200,17.6600,17.6600,342674,0.0000,1.0000
2016-06-21,17.4300,17.5900,17.2500,17.4500,17.4500,318677,0.0000,1.0000
2016-06-20,17.2500,17.5500,17.2500,17.4400,17.4400,192878,0.0000,1.0000
2016-06-17,17.1000,17.1800,16.8600,17.0000,17.0000,290007,0.0000,1.0000
2016-06-16,16.7100,17.2200,16.3800,17.0900,17.0900,514609,0.0000,1.0000
2016-06-15,17.2800,17.3500,16.9000,16.9800,16.9800,370651,0.0000,1.0000
2016-06-14,17.5500,17.7100,17.1200,17.2400,17.2400,191794,0.0000,1.0000
2016-06-13,18.0500,18.3000,17.6200,17.6800,17.6800,238669,0.0000,1.0000
2016-06-10,18.4100,18.5500,18.2800,18.3200,18.3200,210362,0.0000,1.0000
2016-06-09,18.5700,18.7500,18.4701,18.6300,18.6300,107049,0.0000,1.0000
2016-06-08,18.8000,18.9800,18.5784,18.7500,18.7500,232215,0.0000,1.0000
2016-06-07,18.4200,18.7400,18.3100,18.6200,18.6200,189179,0.0000,1.0000
2016-06-06,17.8800,18.5400,17.8400,18.4500,18.4500,286247,0.0000,1.0000
2016-06-03,18.0500,18.0800,17.6300,17.8800,17.8800,764759,0.0000,1.0000
2016-06-02,19.1000,19.1000,18.0900,18.1000,18.1000,642709,0.0000,1.0000
2016-06-01,19.2100,19.3300,18.9200,19.1400,19.1400,318686,0.0000,1.0000
2016-05-31,19.0600,19.3800,18.8800,19.3100,19.3100,387527,0.0000,1.0000
2016-05-27,19.1300,19.2000,18.9300,19.0700,19.0700,296106,0.0000,1.0000
2016-05-26,19.3300,19.4100,19.1100,19.2200,19.2200,194321,0.0000,1.0000
2016-05-25,19.4500,19.7500,19.0500,19.3500,19.3500,383835,0.0000,1.0000
2016-05-24,19.5200,19.7500,19.3610,19.4500,19.4500,432169,0.0000,1.0000
2016-05-23,20.4600,20.4750,19.4050,19.4400,19.4400,499140,0.0000,1.0000
2016-05-20,20.5000,20.5900,20.2150,20.4600,20.4600,206444,0.0000,1.0000
2016-05-19,20.4700,20.4700,20.0900,20.3300,20.3300,209519,0.0000,1.0000
2016-05-18,20.5700,20.7000,20.4000,20.5900,20.5900,276962,0.0000,1.0000
2016-05-17,20.5800,20.7271,20.4150,20.5700,20.5700,184561,0.0000,1.0000
2016-05-16,20.3000,20.8100,20.3000,20.6900,20.6900,174888,0.0000,1.0000
2016-05-13,20.5700,20.9000,20.2400,20.3800,20.3800,189482,0.0000,1.0000
2016-05-12,21.0000,21.1700,20.3800,20.6300,20.6300,263456,0.0000,1.0000
2016-05-11,20.2400,20.9100,20.2400,20.7200,20.7200,502080,0.0000,1.0000
2016-05-10,20.4900,20.5100,20.0100,20.3300,20.3300,346615,0.0000,1.0000
2016-05-09,20.2300,20.4800,20.1000,20.3700,20.3700,150789,0.0000,1.0000
2016-05-06,20.1500,20.3500,19.6000,20.2800,20.2800,237121,0.0000,1.0000
2016-05-05,20.2300,20.5300,20.2300,20.3400,20.3400,148430,0.0000,1.0000
2016-05-04,20.7500,21.2900,19.9600,20.1500,20.1500,261677,0.0000,1.0000
2016-05-03,21.0000,21.2600,20.8000,20.8800,20.8800,207912,0.0000,1.0000
2016-05-02,20.9600,21.3800,20.9000,21.2600,21.2600,333040,0.0000,1.0000
2016-04-29,21.0500,21.2500,20.8300,20.8800,20.8800,332471,0.0000,1.0000
2016-04-28,21.0700,21.3500,21.0500,21.0500,21.0500,215262,0.0000,1.0000
2016-04-27,21.3000,21.3800,21.0500,21.0500,21.0500,171755,0.0000,1.0000
2016-04-26,21.4300,21.9000,21.1000,21.2300,21.2300,179166,0.0000,1.0000
2016-04-25,21.3700,21.8900,21.0500,21.4000,21.4000,410135,0.0000,1.0000
2016-04-22,20.6300,21.2910,20.5000,20.8700,20.8700,318990,0.0000,1.0000
2016-04-21,21.2300,21.2600,20.7200,20.7200,20.7200,312333,0.0000,1.0000
2016-04-20,21.6400,21.6400,21.0300,21.1500,21.1500,227312,0.0000,1.0000
2016-04-19,21.3800,21.8700,21.3800,21.5200,21.5200,285572,0.0000,1.0000
2016-04-18,21.2900,21.4400,21.1500,21.3700,21.3700,129399,0.0000,1.0000
2016-04-15,21.4800,21.5300,21.1500,21.3100,21.3100,102461,0.0000,1.0000
2016-04-14,21.0100,21.5800,21.0100,21.3900,21.3900,126741,0.0000,1.0000
2016-04-13,20.9000,21.0600,20.6800,21.0000,21.0000,353702,0.0000,1.0000
2016-04-12,20.4700,20.8400,20.4700,20.7800,20.7800,443121,0.0000,1.0000
2016-04-11,20.9800,21.0500,20.4500,20.4500,20.4500,141979,0.0000,1.0000
2016-04-08,21.1100,21.4500,20.8400,20.9000,20.9000,156958,0.0000,1.0000
2016-04-07,21.1900,21.5000,20.9300,20.9600,20.9600,160856,0.0000,1.0000
2016-04-06,21.1200,21.3300,20.9700,21.2400,21.2400,128984,0.0000,1.0000
2016-04-05,21.1500,21.1500,20.6700,21.1200,21.1200,307769,0.0000,1.0000
2016-04-04,20.9200,21.3500,20.7800,21.2400,21.2400,268040,0.0000,1.0000
2016-04-01,20.8400,21.2700,20.8400,20.9900,20.9900,176191,0.0000,1.0000
2016-03-31,21.1500,21.3200,20.9000,21.0700,21.0700,223676,0.0000,1.0000
2016-03-30,21.4100,21.6940,21.1100,21.1400,21.1400,227808,0.0000,1.0000
2016-03-29,21.1100,21.3400,20.8545,21.3300,21.3300,453719,0.0000,1.0000
2016-03-28,20.9000,21.3300,20.7200,21.1100,21.1100,259193,0.0000,1.0000
2016-03-24,20.8100,21.0884,20.6500,20.8900,20.8900,103163,0.0000,1.0000
2016-03-23,21.0400,21.0400,20.6800,20.8800,20.8800,171300,0.0000,1.0000
2016-03-22,20.9800,21.2100,20.7400,21.0100,21.0100,267679,0.0000,1.0000
2016-03-21,20.9100,21.2600,20.8100,21.0600,21.0600,406977,0.0000,1.0000
2016-03-18,20.6800,20.9500,20.5650,20.8100,20.8100,316258,0.0000,1.0000
2016-03-17,19.7500,20.8700,19.7500,20.5700,20.5700,546327,0.0000,1.0000
2016-03-16,19.2900,19.8800,19.2900,19.8000,19.8000,202374,0.0000,1.0000
2016-03-15,19.5000,19.7100,19.3201,19.3900,19.3900,90838,0.0000,1.0000
2016-03-14,19.7700,19.8000,19.6000,19.6000,19.6000,136116,0.0000,1.0000
2016-03-11,19.9500,20.1200,19.6700,19.7800,19.7800,223090,0.0000,1.0000
2016-03-10,19.7900,19.8500,19.4600,19.7200,19.7200,211926,0.0000,1.0000
2016-03-09,19.3100,19.8500,19.3100,19.6600,19.6600,162774,0.0000,1.0000
2016-03-08,20.2000,20.2800,19.3000,19.3400,19.3400,276572,0.0000,1.0000
2016-03-07,20.2000,20.6900,20.0400,20.3000,20.3000,200593,0.0000,1.0000
2016-03-04,20.5400,20.6500,20.0600,20.1700,20.1700,443386,0.0000,1.0000
2016-03-03,20.8200,20.8500,20.4000,20.4800,20.4800,359752,0.0000,1.0000
2016-03-02,19.9800,20.9400,19.9200,20.7900,20.7900,673552,0.0000,1.0000
2016-03-01,19.8900,20.2700,19.8300,20.1500,20.1500,444580,0.0000,1.0000
2016-02-29,19.5200,19.8100,19.2800,19.5600,19.5600,238199,0.0000,1.0000
2016-02-26,19.9100,19.9100,19.2700,19.5700,19.5700,285472,0.0000,1.0000
2016-02-25,19.2200,19.9500,19.2200,19.6900,19.6900,311256,0.0000,1.0000
2016-02-24,18.6600,19.2900,18.4600,19.2800,19.2800,322027,0.0000,1.0000
2016-02-23,19.6500,19.8500,18.3800,18.7100,18.7100,628294,0.0000,1.0000
2016-02-22,20.0400,20.7500,20.0300,20.0900,20.0900,536167,0.0000,1.0000
2016-02-19,20.0500,20.0500,19.4300,19.5500,19.5500,554708,0.0000,1.0000
2016-02-18,19.5000,20.1400,19.3400,20.1200,20.1200,515384,0.0000,1.0000
2016-02-17,18.3400,19.3800,18.3400,19.2100,19.2100,528047,0.0000,1.0000
2016-02-16,16.9000,18.2600,16.8600,18.1800,18.1800,547533,0.0000,1.0000
2016-02-12,16.6300,17.2500,16.5800,17.2500,17.2500,265056,0.0000,1.0000
2016-02-11,16.3600,16.5700,16.1600,16.4900,16.4900,407572,0.0000,1.0000
2016-02-10,16.5600,16.7000,16.0400,16.5400,16.5400,309634,0.0000,1.0000
2016-02-09,16.3800,16.9300,16.2800,16.5400,16.5400,436150,0.0000,1.0000
2016-02-08,16.7600,16.7600,16.2900,16.6400,16.6400,251270,0.0000,1.0000
2016-02-05,16.5800,17.1500,16.3500,16.9200,16.9200,324325,0.0000,1.0000
2016-02-04,16.0800,16.6200,16.0100,16.5400,16.5400,355050,0.0000,1.0000
2016-02-03,16.5000,16.6600,15.9700,16.2900,16.2900,343582,0.0000,1.0000
2016-02-02,16.4900,16.7100,16.3100,16.4100,16.4100,256569,0.0000,1.0000
2016-02-01,16.8500,17.1300,16.5800,16.7300,16.7300,199790,0.0000,1.0000
2016-01-29,16.6300,16.9600,16.6200,16.9400,16.9400,271346,0.0000,1.0000
2016-01-28,16.9100,16.9100,16.3000,16.5600,16.5600,221988,0.0000,1.0000
2016-01-27,16.1500,16.9700,16.1500,16.7500,16.7500,383509,0.0000,1.0000
2016-01-26,16.0600,16.3600,15.9600,16.2800,16.2800,304813,0.0000,1.0000
2016-01-25,16.2900,16.3400,15.9300,16.0000,16.0000,155603,0.0000,1.0000
2016-01-22,16.0100,16.3100,16.0100,16.2700,16.2700,172256,0.0000,1.0000
2016-01-21,15.8300,15.9700,15.5000,15.7900,15.7900,215852,0.0000,1.0000
2016-01-20,16.0000,16.2020,15.6500,15.8800,15.8800,459607,0.0000,1.0000
2016-01-19,16.7000,16.7600,16.3500,16.4300,16.4300,266416,0.0000,1.0000
2016-01-15,16.6400,16.9200,16.4200,16.4600,16.4600,412101,0.0000,1.0000
2016-01-14,17.1000,17.2100,16.7900,17.0200,17.0200,318133,0.0000,1.0000
2016-01-13,17.1900,17.3499,17.0600,17.1300,17.1300,266275,0.0000,1.0000
2016-01-12,16.9900,17.3100,16.8900,17.2500,17.2500,288908,0.0000,1.0000
2016-01-11,16.2500,16.8100,16.1400,16.7900,16.7900,356223,0.0000,1.0000
2016-01-08,16.4500,16.6200,16.2200,16.2700,16.2700,292084,0.0000,1.0000
2016-01-07,16.5300,16.5400,16.1900,16.2900,16.2900,167500,0.0000,1.0000
2016-01-06,16.4400,17.1900,16.3301,16.8200,16.8200,209032,0.0000,1.0000
2016-01-05,16.5600,16.7000,16.4100,16.5200,16.5200,181745,0.0000,1.0000
2016-01-04,16.9500,17.0000,16.4600,16.5400,16.5400,351868,0.0000,1.0000
2015-12-31,17.1900,17.2500,16.8300,17.1600,17.1600,121156,0.0000,1.0000
2015-12-30,17.6400,17.6400,17.1000,17.1700,17.1700,241820,0.0000,1.0000
2015-12-29,17.6700,17.7900,17.4200,17.6600,17.6600,127662,0.0000,1.0000
2015-12-28,17.8000,17.8800,17.3700,17.6500,17.6500,196447,0.0000,1.0000
2015-12-24,17.7400,17.9200,17.5800,17.8200,17.8200,72316,0.0000,1.0000
2015-12-23,17.9600,17.9600,17.3700,17.5200,17.5200,327771,0.0000,1.0000
2015-12-22,17.9000,17.9900,17.6800,17.8300,17.8300,150578,0.0000,1.0000
2015-12-21,17.8800,18.1900,17.7400,17.9100,17.9100,170405,0.0000,1.0000
2015-12-18,18.3300,18.4300,17.7500,17.8800,17.8800,244494,0.0000,1.0000
2015-12-17,18.3000,18.4000,17.9505,18.3600,18.3600,485860,0.0000,1.0000
2015-12-16,17.5800,18.3300,17.4300,18.3000,18.3000,517287,0.0000,1.0000
2015-12-15,16.5200,17.6300,16.5000,17.4200,17.4200,469867,0.0000,1.0000
2015-12-14,16.0000,16.5600,16.0000,16.5100,16.5100,428803,0.0000,1.0000
2015-12-11,16.6900,17.0382,15.7800,16.0900,16.0900,743473,0.0000,1.0000
2015-12-10,17.8000,17.8850,17.1700,17.2700,17.2700,259186,0.0000,1.0000
2015-12-09,17.8900,18.3500,17.7300,17.7400,17.7400,250018,0.0000,1.0000
2015-12-08,18.1000,18.2700,17.5500,17.9600,17.9600,224846,0.0000,1.0000
2015-12-07,17.9000,18.7000,17.8800,18.1500,18.1500,482460,0.0000,1.0000
2015-12-04,17.5500,17.9500,17.5001,17.9400,17.9400,347476,0.0000,1.0000
2015-12-03,17.6000,17.8000,17.3200,17.5000,17.5000,273930,0.0000,1.0000
2015-12-02,17.6600,17.8400,17.5100,17.6000,17.6000,266789,0.0000,1.0000
2015-12-01,17.7200,17.9700,17.3700,17.5900,17.5900,382836,0.0000,1.0000
2015-11-30,18.5500,18.7100,17.5100,17.6900,17.6900,525956,0.0000,1.0000
2015-11-27,18.1200,18.6500,18.1150,18.5400,18.5400,162494,0.0000,1.0000
2015-11-25,18.4200,18.8600,18.1000,18.1600,18.1600,289871,0.0000,1.0000
2015-11-24,18.7600,18.7600,17.9700,18.3600,18.3600,375928,0.0000,1.0000
2015-11-23,18.9000,19.1200,18.5736,18.9600,18.9600,560181,0.0000,1.0000
2015-11-20,17.8100,18.8400,17.8100,18.7700,18.7700,782296,0.0000,1.0000
2015-11-19,16.8300,18.0900,16.7300,17.9300,17.9300,1293277,0.0000,1.0000
2015-11-18,16.6900,16.9100,16.6300,16.6700,16.6700,517031,0.0000,1.0000
2015-11-17,16.9300,16.9800,16.7100,16.7200,16.7200,425997,0.0000,1.0000
2015-11-16,16.9800,17.0100,16.5801,16.7700,16.7700,349488,0.0000,1.0000
2015-11-13,16.6500,17.1000,16.6500,17.0800,17.0800,609220,0.0000,1.0000
2015-11-12,16.4900,16.8100,16.4688,16.6500,16.6500,696872,0.0000,1.0000
2015-11-11,16.6100,17.1200,16.4000,16.4500,16.4500,4734587,0.0000,1.0000
2015-11-10,16.3800,17.0700,16.2800,16.4400,16.4400,1038997,0.0000,1.0000
2015-11-09,16.9100,17.0600,15.8000,16.3800,16.3800,659156,0.0000,1.0000
2015-11-06,17.0000,17.4100,16.9142,17.3600,17.3600,434379,0.0000,1.0000
2015-11-05,17.0000,17.0570,16.7900,17.0000,17.0000,279754,0.0000,1.0000
2015-11-04,17.2900,17.3000,16.6700,16.9700,16.9700,392283,0.0000,1.0000
2015-11-03,17.2900,17.4800,17.2000,17.4200,17.4200,483500,0.0000,1.0000
2015-11-02,16.9700,17.5200,16.9700,17.3000,17.3000,162266,0.0000,1.0000
2015-10-30,17.5500,17.5500,16.7500,16.9900,16.9900,285484,0.0000,1.0000
2015-10-29,17.5500,17.6200,17.2800,17.3900,17.3900,277242,0.0000,1.0000
2015-10-28,18.0100,18.1500,17.4300,17.5500,17.5500,291830,0.0000,1.0000
2015-10-27,17.5900,18.1999,17.5100,18.0000,18.0000,232776,0.0000,1.0000
2015-10-26,17.3200,18.0500,17.3200,17.5800,17.5800,384810,0.0000,1.0000
2015-10-23,17.3400,17.7000,17.1100,17.1300,17.1300,280181,0.0000,1.0000
2015-10-22,17.4600,17.5000,17.1500,17.3000,17.3000,416913,0.0000,1.0000
2015-10-21,17.2600,17.3800,16.9700,17.2300,17.2300,384668,0.0000,1.0000
2015-10-20,17.0000,17.8300,16.9200,17.0300,17.0300,547746,0.0000,1.0000
2015-10-19,16.4900,16.7500,16.4500,16.7500,16.7500,187755,0.0000,1.0000
2015-10-16,16.4400,16.6500,16.1500,16.3500,16.3500,231543,0.0000,1.0000
2015-10-15,15.5500,16.4600,15.5000,16.3700,16.3700,715837,0.0000,1.0000
2015-10-14,15.4800,15.7000,15.4400,15.4900,15.4900,117289,0.0000,1.0000
2015-10-13,15.8400,15.9000,15.3700,15.4300,15.4300,120440,0.0000,1.0000
2015-10-12,15.4700,16.0000,15.3300,15.8300,15.8300,161850,0.0000,1.0000
2015-10-09,15.4400,15.4900,15.3000,15.4800,15.4800,197859,0.0000,1.0000
2015-10-08,15.7000,15.8100,15.2500,15.4700,15.4700,216313,0.0000,1.0000
2015-10-07,15.5900,16.0000,15.4000,15.8000,15.8000,237457,0.0000,1.0000
2015-10-06,14.9400,15.6800,14.8500,15.5700,15.5700,376387,0.0000,1.0000
2015-10-05,14.5200,14.8900,14.5200,14.8100,14.8100,122568,0.0000,1.0000
2015-10-02,14.7600,14.7600,14.2601,14.5700,14.5700,144564,0.0000,1.0000
2015-10-01,15.1100,15.2100,14.5000,14.8000,14.8000,131295,0.0000,1.0000
2015-09-30,14.8600,15.0000,14.4500,14.9200,14.9200,112481,0.0000,1.0000
2015-09-29,14.5200,14.6200,14.4300,14.6200,14.6200,65675,0.0000,1.0000
2015-09-28,14.5600,14.6000,14.3800,14.5100,14.5100,90568,0.0000,1.0000
2015-09-25,14.8000,14.8000,14.4100,14.6100,14.6100,192430,0.0000,1.0000
2015-09-24,14.9500,14.9500,14.2600,14.5800,14.5800,211481,0.0000,1.0000
2015-09-23,14.9500,15.0600,14.8400,15.0400,15.0400,94134,0.0000,1.0000
2015-09-22,15.0700,15.4000,14.8000,14.9000,14.9000,118386,0.0000,1.0000
2015-09-21,15.1300,15.6000,15.1300,15.3000,15.3000,150621,0.0000,1.0000
2015-09-18,15.3100,15.6900,15.1378,15.1700,15.1700,140367,0.0000,1.0000
2015-09-17,15.0700,15.7000,14.9000,15.5100,15.5100,311986,0.0000,1.0000
2015-09-16,14.8000,15.0200,14.6800,14.9500,14.9500,182643,0.0000,1.0000
2015-09-15,14.9900,14.9900,14.5801,14.7500,14.7500,146961,0.0000,1.0000
2015-09-14,14.6800,14.9900,14.6100,14.8800,14.8800,273285,0.0000,1.0000
2015-09-11,14.4300,14.6500,14.0100,14.6500,14.6500,172888,0.0000,1.0000
2015-09-10,14.1400,14.6000,14.0688,14.5100,14.5100,304468,0.0000,1.0000
2015-09-09,14.2300,14.2900,14.1000,14.1400,14.1400,283985,0.0000,1.0000
2015-09-08,14.1300,14.2500,13.9300,14.1100,14.1100,116465,0.0000,1.0000
2015-09-04,13.4200,13.9600,13.1500,13.9100,13.9100,231715,0.0000,1.0000
2015-09-03,13.7400,14.0000,13.4400,13.5100,13.5100,206363,0.0000,1.0000
2015-09-02,13.4300,13.6800,13.2400,13.6800,13.6800,190493,0.0000,1.0000
2015-09-01,13.1500,13.1800,13.0100,13.1300,13.1300,98923,0.0000,1.0000
2015-08-31,13.3600,13.4900,13.1900,13.3400,13.3400,194765,0.0000,1.0000
2015-08-28,13.5800,13.7400,13.2500,13.3900,13.3900,85440,0.0000,1.0000
2015-08-27,13.4500,13.8100,13.3250,13.6200,13.6200,213745,0.0000,1.0000
2015-08-26,13.4800,13.5700,12.8000,13.1900,13.1900,260524,0.0000,1.0000
2015-08-25,13.0900,13.5600,12.9800,13.2600,13.2600,229645,0.0000,1.0000
2015-08-24,12.7200,13.3100,12.3100,12.8800,12.8800,245293,0.0000,1.0000
2015-08-21,13.7000,13.9700,13.3600,13.4600,13.4600,227200,0.0000,1.0000
2015-08-20,14.0000,14.0500,13.7600,13.8300,13.8300,116255,0.0000,1.0000
2015-08-19,13.8800,14.3400,13.8800,14.1600,14.1600,156251,0.0000,1.0000
2015-08-18,14.0900,14.1500,13.7300,14.0500,14.0500,295711,0.0000,1.0000
2015-08-17,13.5600,14.1500,13.5600,14.0900,14.0900,396690,0.0000,1.0000
2015-08-14,13.7500,13.8400,13.5100,13.7000,13.7000,193393,0.0000,1.0000
2015-08-13,13.2600,13.7800,13.2600,13.7700,13.7700,304413,0.0000,1.0000
2015-08-12,13.6500,13.7200,12.9700,13.3300,13.3300,601673,0.0000,1.0000
2015-08-11,13.6600,13.7900,13.6600,13.7500,13.7500,385331,0.0000,1.0000
2015-08-10,14.0300,14.1000,13.6900,13.7600,13.7600,262344,0.0000,1.0000
2015-08-07,13.5600,14.0400,13.5400,14.0300,14.0300,150790,0.0000,1.0000
2015-08-06,14.2600,14.4300,13.3500,13.5700,13.5700,385884,0.0000,1.0000
2015-08-05,14.3000,14.4600,14.2400,14.3400,14.3400,196282,0.0000,1.0000
2015-08-04,14.0700,14.3000,14.0700,14.2400,14.2400,227908,0.0000,1.0000
2015-08-03,13.8900,14.2400,13.8900,14.2100,14.2100,511826,0.0000,1.0000
2015-07-31,13.6200,13.8800,13.6100,13.8200,13.8200,297516,0.0000,1.0000
2015-07-30,13.2100,13.5200,13.1200,13.5200,13.5200,208302,0.0000,1.0000
2015-07-29,13.6400,13.7600,13.0900,13.3700,13.3700,275735,0.0000,1.0000
2015-07-28,13.7700,14.1000,13.4600,13.6900,13.6900,716357,0.0000,1.0000
2015-07-27,13.0300,13.7100,13.0300,13.6500,13.6500,209164,0.0000,1.0000
2015-07-24,13.5300,13.5400,13.0710,13.2200,13.2200,175281,0.0000,1.0000
2015-07-23,13.6200,13.6500,13.4400,13.5500,13.5500,155939,0.0000,1.0000
2015-07-22,13.5400,13.6500,13.4304,13.5200,13.5200,153446,0.0000,1.0000
2015-07-21,13.5000,13.6500,13.4100,13.4900,13.4900,344759,0.0000,1.0000
2015-07-20,13.6000,13.6500,13.3300,13.3900,13.3900,316418,0.0000,1.0000
2015-07-17,13.5500,13.6000,13.3100,13.4600,13.4600,266951,0.0000,1.0000
2015-07-16,13.0900,13.6800,13.0900,13.5100,13.5100,672885,0.0000,1.0000
2015-07-15,13.2800,13.3900,13.0100,13.1100,13.1100,176608,0.0000,1.0000
2015-07-14,13.3000,13.4000,13.2100,13.2600,13.2600,402985,0.0000,1.0000
2015-07-13,13.1000,13.2800,12.9700,13.2000,13.2000,187724,0.0000,1.0000
2015-07-10,12.8800,13.2800,12.8200,13.0700,13.0700,262461,0.0000,1.0000
2015-07-09,12.1400,12.6500,11.9300,12.6300,12.6300,178127,0.0000,1.0000
2015-07-08,11.8400,12.2000,11.8200,11.9000,11.9000,213995,0.0000,1.0000
2015-07-07,11.9200,11.9450,11.6575,11.8300,11.8300,45066,0.0000,1.0000
2015-07-06,11.9900,11.9900,11.6900,11.7000,11.7000,86835,0.0000,1.0000
2015-07-02,11.8000,12.1600,11.7733,11.9700,11.9700,80158,0.0000,1.0000
2015-07-01,12.0800,12.1000,11.6499,11.6900,11.6900,162800,0.0000,1.0000
2015-06-30,12.0800,12.0800,11.8600,11.9400,11.9400,156291,0.0000,1.0000
2015-06-29,12.3000,12.3000,11.9000,11.9300,11.9300,338102,0.0000,1.0000
2015-06-26,12.4500,12.5100,12.2800,12.3500,12.3500,77592,0.0000,1.0000
2015-06-25,12.5800,12.5800,12.3300,12.4400,12.4400,92396,0.0000,1.0000
2015-06-24,12.3500,12.5900,12.3000,12.5500,12.5500,221723,0.0000,1.0000
2015-06-23,12.5500,12.5500,12.2900,12.3500,12.3500,91950,0.0000,1.0000
2015-06-22,12.7000,12.7600,12.4900,12.5500,12.5500,90632,0.0000,1.0000
2015-06-19,12.7300,12.8200,12.4600,12.5900,12.5900,107553,0.0000,1.0000
2015-06-18,12.7700,12.8900,12.6000,12.6500,12.6500,275531,0.0000,1.0000
2015-06-17,12.6000,12.6700,12.5100,12.6600,12.6600,112277,0.0000,1.0000
2015-06-16,12.4300,12.6200,12.4060,12.5600,12.5600,105810,0.0000,1.0000
2015-06-15,12.3900,12.4000,12.2900,12.3700,12.3700,38387,0.0000,1.0000
2015-06-12,12.4700,12.4700,12.2900,12.3900,12.3900,106779,0.0000,1.0000
2015-06-11,12.3300,12.4500,12.3100,12.4000,12.4000,173537,0.0000,1.0000
2015-06-10,12.3300,12.4600,12.2900,12.2900,12.2900,119639,0.0000,1.0000
2015-06-09,12.1500,12.3800,11.9593,12.3100,12.3100,278371,0.0000,1.0000
2015-06-08,12.3000,12.3300,11.9900,12.1300,12.1300,151108,0.0000,1.0000
2015-06-05,12.1800,12.3100,12.1200,12.1800,12.1800,36283,0.0000,1.0000
2015-06-04,12.2000,12.3800,12.1100,12.2300,12.2300,293923,0.0000,1.0000
2015-06-03,12.2300,12.2998,12.0400,12.1000,12.1000,89060,0.0000,1.0000
2015-06-02,11.8500,12.3400,11.8500,12.1000,12.1000,202274,0.0000,1.0000
2015-06-01,11.9900,11.9900,11.6950,11.9400,11.9400,103546,0.0000,1.0000
2015-05-29,11.7700,11.9700,11.7000,11.9300,11.9300,47607,0.0000,1.0000
2015-05-28,11.9700,12.0900,11.7100,11.7400,11.7400,135569,0.0000,1.0000
2015-05-27,11.9000,12.1000,11.8900,11.9900,11.9900,124527,0.0000,1.0000
2015-05-26,11.6800,11.9900,11.6300,11.8900,11.8900,134187,0.0000,1.0000
2015-05-22,11.6300,11.7700,11.6000,11.6800,11.6800,294536,0.0000,1.0000
2015-05-21,12.2200,12.3300,11.6200,11.6600,11.6600,404996,0.0000,1.0000
2015-05-20,12.7100,12.7100,12.1300,12.1900,12.1900,223954,0.0000,1.0000
2015-05-19,12.7000,12.7300,12.5400,12.7200,12.7200,96054,0.0000,1.0000
2015-05-18,12.4400,12.7100,12.3500,12.6900,12.6900,49371,0.0000,1.0000
2015-05-15,12.5000,12.6500,12.4300,12.5000,12.5000,32379,0.0000,1.0000
2015-05-14,12.6000,12.7400,12.4400,12.5000,12.5000,62366,0.0000,1.0000
2015-05-13,12.5900,12.8700,12.4100,12.4800,12.4800,82479,0.0000,1.0000
2015-05-12,12.6600,12.8299,12.4954,12.5800,12.5800,68416,0.0000,1.0000
2015-05-11,12.8600,13.0000,12.5256,12.6300,12.6300,103405,0.0000,1.0000
2015-05-08,12.8100,13.0700,12.8100,12.8400,12.8400,104886,0.0000,1.0000
2015-05-07,12.3900,12.7400,12.3900,12.6600,12.6600,171982,0.0000,1.0000
2015-05-06,11.9900,12.3900,11.9200,12.3800,12.3800,230033,0.0000,1.0000
2015-05-05,11.8900,12.2900,11.8800,11.9200,11.9200,196858,0.0000,1.0000
2015-05-04,12.3800,12.5000,11.8978,12.0400,12.0400,164540,0.0000,1.0000
2015-05-01,12.5000,12.5000,12.3700,12.4900,12.4900,33145,0.0000,1.0000
2015-04-30,12.5400,12.7800,12.2000,12.4200,12.4200,228261,0.0000,1.0000
2015-04-29,12.7800,12.9200,12.6100,12.6600,12.6600,119897,0.0000,1.0000
2015-04-28,12.8500,12.9300,12.6600,12.7900,12.7900,184690,0.0000,1.0000
2015-04-27,13.3600,13.3600,12.7800,12.8700,12.8700,162353,0.0000,1.0000
2015-04-24,13.1400,13.2600,12.9400,13.2600,13.2600,82274,0.0000,1.0000
2015-04-23,13.3800,13.4800,12.8900,13.0600,13.0600,258545,0.0000,1.0000
2015-04-22,12.8300,13.7600,12.8200,13.3700,13.3700,632092,0.0000,1.0000
2015-04-21,12.7900,12.9700,12.6900,12.8200,12.8200,386469,0.0000,1.0000
2015-04-20,12.0000,12.7500,11.9700,12.6600,12.6600,333558,0.0000,1.0000
2015-04-17,11.8000,12.0400,11.7057,11.9600,11.9600,130203,0.0000,1.0000
2015-04-16,12.2500,12.2500,11.8200,11.8700,11.8700,88822,0.0000,1.0000
2015-04-15,12.2000,12.2400,11.8800,11.9800,11.9800,165096,0.0000,1.0000
2015-04-14,12.1100,12.2500,12.0600,12.2200,12.2200,67693,0.0000,1.0000
2015-04-13,12.0300,12.1700,12.0300,12.1200,12.1200,108474,0.0000,1.0000
2015-04-10,12.1600,12.2200,12.0100,12.0200,12.0200,58263,0.0000,1.0000
2015-04-09,12.1300,12.2117,12.0100,12.1200,12.1200,80367,0.0000,1.0000
2015-04-08,11.8500,12.1500,11.7500,12.1300,12.1300,205192,0.0000,1.0000
2015-04-07,11.8300,12.0100,11.7100,11.8500,11.8500,117976,0.0000,1.0000
2015-04-06,11.3100,11.9600,11.2100,11.8300,11.8300,175083,0.0000,1.0000
2015-04-02,11.1500,11.2700,11.0900,11.1000,11.1000,43298,0.0000,1.0000
2015-04-01,11.1600,11.2900,10.9900,11.1200,11.1200,44480,0.0000,1.0000
2015-03-31,11.2300,11.2400,10.9200,11.1400,11.1400,134466,0.0000,1.0000
2015-03-30,11.3200,11.3800,11.1700,11.1900,11.1900,67082,0.0000,1.0000
2015-03-27,10.9000,11.2500,10.9000,11.2500,11.2500,130629,0.0000,1.0000
2015-03-26,11.3700,11.3700,10.8300,10.8800,10.8800,149856,0.0000,1.0000
2015-03-25,11.8000,11.8000,11.1300,11.5300,11.5300,214935,0.0000,1.0000
2015-03-24,11.8300,11.9800,11.7100,11.7600,11.7600,64710,0.0000,1.0000
2015-03-23,12.0800,12.0800,11.5700,11.7600,11.7600,182653,0.0000,1.0000
2015-03-20,11.8700,12.0700,11.7200,12.0200,12.0200,262706,0.0000,1.0000
2015-03-19,11.7700,11.7900,11.6100,11.7800,11.7800,107845,0.0000,1.0000
2015-03-18,11.7400,11.9600,11.6100,11.7500,11.7500,147740,0.0000,1.0000
2015-03-17,11.6200,12.0400,11.5500,11.7000,11.7000,282140,0.0000,1.0000
2015-03-16,10.9900,11.7700,10.9200,11.6200,11.6200,563126,0.0000,1.0000
2015-03-13,10.9300,11.0407,10.8103,10.9900,10.9900,140584,0.0000,1.0000
2015-03-12,10.7900,11.0500,10.6900,10.9800,10.9800,102913,0.0000,1.0000
2015-03-11,10.4400,10.7300,10.4400,10.6900,10.6900,117837,0.0000,1.0000
2015-03-10,10.7400,10.8200,10.4100,10.4300,10.4300,241889,0.0000,1.0000
2015-03-09,10.8100,10.9001,10.7000,10.8500,10.8500,187509,0.0000,1.0000
2015-03-06,11.0000,11.1600,10.6600,10.7700,10.7700,497560,0.0000,1.0000
2015-03-05,10.6500,10.9800,10.5600,10.9800,10.9800,212906,0.0000,1.0000
2015-03-04,10.7700,10.7800,10.5900,10.6500,10.6500,145433,0.0000,1.0000
2015-03-03,10.5600,11.0000,10.5600,10.6400,10.6400,490013,0.0000,1.0000
2015-03-02,9.9500,10.7000,9.9500,10.6000,10.6000,390332,0.0000,1.0000
2015-02-27,10.4100,10.9500,9.8200,10.0500,10.0500,499665,0.0000,1.0000
2015-02-26,9.7900,10.4500,9.5300,10.3500,10.3500,925014,0.0000,1.0000
2015-02-25,9.3300,9.4200,9.2700,9.3600,9.3600,302216,0.0000,1.0000
2015-02-24,9.2300,9.5300,9.2100,9.4100,9.4100,365239,0.0000,1.0000
2015-02-23,9.0000,9.2299,8.9500,9.1900,9.1900,89759,0.0000,1.0000
2015-02-20,9.1000,9.2199,9.0500,9.0700,9.0700,115505,0.0000,1.0000
2015-02-19,9.1500,9.2200,9.0500,9.0600,9.0600,32189,0.0000,1.0000
2015-02-18,9.2600,9.3200,8.9400,9.1400,9.1400,40391,0.0000,1.0000
2015-02-17,9.4100,9.4500,9.1800,9.2100,9.2100,36104,0.0000,1.0000
2015-02-13,9.3000,9.4200,9.2400,9.3000,9.3000,174923,0.0000,1.0000
2015-02-12,9.0300,9.3900,9.0300,9.3500,9.3500,58684,0.0000,1.0000
2015-02-11,9.0200,9.1800,8.7500,9.0800,9.0800,92505,0.0000,1.0000
2015-02-10,9.1200,9.1300,8.7500,8.9500,8.9500,104356,0.0000,1.0000
2015-02-09,9.3000,9.3000,8.9900,9.1000,9.1000,284822,0.0000,1.0000
2015-02-06,9.2100,9.4400,9.1199,9.2700,9.2700,69515,0.0000,1.0000
2015-02-05,9.2500,9.4200,9.1600,9.3400,9.3400,39653,0.0000,1.0000
2015-02-04,9.2700,9.2800,9.0100,9.2800,9.2800,44452,0.0000,1.0000
2015-02-03,9.2400,9.4100,9.1300,9.1900,9.1900,79635,0.0000,1.0000
2015-02-02,9.1700,9.2200,8.9100,9.1300,9.1300,62903,0.0000,1.0000
2015-01-30,9.2600,9.2600,9.0200,9.1500,9.1500,57205,0.0000,1.0000
2015-01-29,9.1500,9.3600,9.1500,9.3200,9.3200,402694,0.0000,1.0000
2015-01-28,9.4300,9.4400,9.1400,9.1500,9.1500,59156,0.0000,1.0000
2015-01-27,9.5300,9.5700,9.3300,9.3900,9.3900,25232,0.0000,1.0000
2015-01-26,9.3400,9.7300,9.3096,9.5400,9.5400,71930,0.0000,1.0000
2015-01-23,9.3300,9.4130,9.2100,9.2700,9.2700,33998,0.0000,1.0000
2015-01-22,9.4100,9.5600,9.0400,9.2400,9.2400,142016,0.0000,1.0000
2015-01-21,9.6000,9.6000,9.3100,9.3300,9.3300,73990,0.0000,1.0000
2015-01-20,9.7200,9.7600,9.5000,9.6200,9.6200,42136,0.0000,1.0000
2015-01-16,9.5700,9.7000,9.5700,9.6000,9.6000,40897,0.0000,1.0000
2015-01-15,9.4800,9.6200,9.3900,9.5100,9.5100,41922,0.0000,1.0000
2015-01-14,9.5100,9.5100,9.2000,9.4200,9.4200,71510,0.0000,1.0000
2015-01-13,9.6400,9.9100,9.2400,9.5600,9.5600,218610,0.0000,1.0000
2015-01-12,8.7600,9.8500,8.7200,9.5600,9.5600,669485,0.0000,1.0000
2015-01-09,8.6600,8.7500,8.5800,8.7500,8.7500,915329,0.0000,1.0000
2015-01-08,8.8200,8.9900,8.6000,8.6100,8.6100,86379,0.0000,1.0000
2015-01-07,8.7500,8.8700,8.6000,8.6800,8.6800,49698,0.0000,1.0000
2015-01-06,8.6800,8.8500,8.6600,8.6700,8.6700,168962,0.0000,1.0000
2015-01-05,8.7600,8.9600,8.6000,8.6700,8.6700,157236,0.0000,1.0000
2015-01-02,9.0700,9.0700,8.7600,8.8300,8.8300,78279,0.0000,1.0000
2014-12-31,9.0300,9.1200,8.8500,9.0200,9.0200,76524,0.0000,1.0000
2014-12-30,8.8200,9.0900,8.8200,9.0300,9.0300,63253,0.0000,1.0000
2014-12-29,9.0500,9.1200,8.8100,8.9000,8.9000,37726,0.0000,1.0000
2014-12-26,9.1600,9.1600,9.0500,9.1000,9.1000,54332,0.0000,1.0000
2014-12-24,8.7500,9.1000,8.7500,9.0800,9.0800,57390,0.0000,1.0000
2014-12-23,8.6500,8.8600,8.6500,8.7800,8.7800,168209,0.0000,1.0000
2014-12-22,8.4100,8.8200,8.4100,8.7300,8.7300,249006,0.0000,1.0000
2014-12-19,8.5200,8.7400,8.4000,8.4600,8.4600,99221,0.0000,1.0000
2014-12-18,8.0500,8.5900,7.9400,8.4900,8.4900,159001,0.0000,1.0000
2014-12-17,7.7800,8.0600,7.7800,7.9100,7.9100,90609,0.0000,1.0000
2014-12-16,7.8100,7.9150,7.6935,7.7800,7.7800,72761,0.0000,1.0000
2014-12-15,8.0500,8.1500,7.7900,7.8300,7.8300,228067,0.0000,1.0000
2014-12-12,8.2200,8.3300,8.0000,8.0300,8.0300,111093,0.0000,1.0000
2014-12-11,8.1700,8.2500,8.1000,8.2500,8.2500,190972,0.0000,1.0000
2014-12-10,8.1200,8.2600,8.0700,8.1300,8.1300,214297,0.0000,1.0000
2014-12-09,8.1100,8.1600,8.0500,8.1400,8.1400,383376,0.0000,1.0000
2014-12-08,8.3200,8.5000,8.1000,8.2200,8.2200,588492,0.0000,1.0000
2014-12-05,8.2000,8.3600,8.2000,8.3400,8.3400,380252,0.0000,1.0000
2014-12-04,8.1000,8.2100,7.9540,8.0700,8.0700,308673,0.0000,1.0000
2014-12-03,8.1000,8.2100,7.9540,8.0700,8.0700,308673,0.0000,1.0000
2014-12-02,8.1900,8.4800,8.1600,8.3600,8.3600,456874,0.0000,1.0000
2014-12-01,8.0100,8.2900,8.0100,8.1900,8.1900,493223,0.0000,1.0000
2014-11-28,8.1000,8.1100,8.0100,8.0400,8.0400,92583,0.0000,1.0000
2014-11-26,8.0900,8.0900,8.0400,8.0800,8.0800,112246,0.0000,1.0000
2014-11-25,8.0800,8.1000,8.0600,8.0800,8.0800,132769,0.0000,1.0000
2014-11-24,8.0800,8.1500,8.0800,8.1000,8.1000,145676,0.0000,1.0000
2014-11-21,8.0400,8.1400,8.0300,8.0900,8.0900,266119,0.0000,1.0000
2014-11-20,8.1100,8.1500,8.0500,8.0900,8.0900,252294,0.0000,1.0000
2014-11-19,8.0500,8.1600,7.9800,8.1100,8.1100,1422865,0.0000,1.0000
2014-11-18,7.9500,8.0700,7.8710,8.0500,8.0500,42102,0.0000,1.0000
2014-11-17,7.9200,8.0800,7.8000,7.9200,7.9200,66994,0.0000,1.0000
2014-11-14,8.0100,8.0500,7.9000,7.9000,7.9000,26618,0.0000,1.0000
2014-11-13,8.0700,8.1000,7.9100,7.9800,7.9800,171710,0.0000,1.0000
2014-11-12,8.1100,8.1500,7.9500,8.0200,8.0200,42621,0.0000,1.0000
2014-11-11,8.0800,8.1800,7.9700,8.0900,8.0900,102383,0.0000,1.0000
2014-11-10,8.0200,8.1100,8.0200,8.0300,8.0300,31377,0.0000,1.0000
2014-11-07,8.0000,8.1240,7.9800,8.0800,8.0800,70610,0.0000,1.0000
2014-11-06,7.9900,8.0200,7.9400,8.0200,8.0200,64287,0.0000,1.0000
2014-11-05,8.2400,8.2800,7.9000,8.0000,8.0000,97288,0.0000,1.0000
2014-11-04,8.0700,8.2800,7.8800,8.2300,8.2300,93260,0.0000,1.0000
2014-11-03,8.1700,8.2200,7.9400,8.0900,8.0900,63626,0.0000,1.0000
2014-10-31,8.1600,8.2900,8.0400,8.2500,8.2500,292626,0.0000,1.0000
2014-10-30,8.0700,8.1000,7.9100,7.9800,7.9800,171710,0.0000,1.0000
2014-10-29,8.4900,8.4900,8.1600,8.1700,8.1700,46318,0.0000,1.0000
2014-10-28,8.6700,8.7600,8.4600,8.4800,8.4800,43673,0.0000,1.0000
2014-10-27,8.7000,8.9000,8.6000,8.6800,8.6800,85290,0.0000,1.0000
2014-10-24,8.4200,8.8000,8.4200,8.7000,8.7000,127261,0.0000,1.0000
2014-10-23,7.8400,8.4900,7.8300,8.4400,8.4400,531520,0.0000,1.0000
2014-10-22,7.8500,7.9500,7.6900,7.7300,7.7300,80509,0.0000,1.0000
2014-10-21,7.6400,7.8900,7.6400,7.7600,7.7600,36711,0.0000,1.0000
2014-10-20,7.4300,7.6400,7.4300,7.6400,7.6400,25490,0.0000,1.0000
2014-10-17,7.3100,7.4800,7.3100,7.4400,7.4400,23213,0.0000,1.0000
2014-10-16,7.3300,7.5600,7.2000,7.2700,7.2700,87286,0.0000,1.0000
2014-10-15,7.5500,7.5500,7.1300,7.4700,7.4700,87647,0.0000,1.0000
2014-10-14,7.5300,7.5700,7.4100,7.4800,7.4800,23930,0.0000,1.0000
2014-10-13,7.3000,7.5800,7.3000,7.4900,7.4900,55704,0.0000,1.0000
2014-10-10,7.2200,7.2900,7.1800,7.2500,7.2500,89011,0.0000,1.0000
2014-10-09,7.4100,7.4800,7.1600,7.1800,7.1800,160068,0.0000,1.0000
2014-10-08,7.6100,7.8100,7.2100,7.3900,7.3900,183267,0.0000,1.0000
2014-10-07,8.0000,8.1980,7.6000,7.6900,7.6900,323713,0.0000,1.0000
2014-10-06,8.2400,8.4400,8.0000,8.0500,8.0500,93714,0.0000,1.0000
2014-10-03,8.2500,8.2600,8.1500,8.2000,8.2000,150173,0.0000,1.0000
2014-10-02,8.1400,8.2700,8.0721,8.2400,8.2400,108218,0.0000,1.0000
2014-10-01,8.6500,8.6600,8.0600,8.1200,8.1200,123158,0.0000,1.0000
2014-09-30,8.8500,8.9000,8.4700,8.6800,8.6800,295067,0.0000,1.0000
2014-09-29,8.9900,9.0500,8.7900,8.8500,8.8500,213341,0.0000,1.0000
2014-09-26,8.9300,9.0400,8.9200,9.0400,9.0400,66436,0.0000,1.0000
2014-09-25,9.0000,9.0000,8.7899,8.9300,8.9300,51507,0.0000,1.0000
2014-09-24,8.9100,9.0350,8.9100,9.0000,9.0000,30874,0.0000,1.0000
2014-09-23,8.9000,8.9500,8.7400,8.9300,8.9300,64823,0.0000,1.0000
2014-09-22,8.9400,9.0400,8.7810,8.9500,8.9500,84070,0.0000,1.0000
2014-09-19,9.0000,9.0000,8.9000,8.9500,8.9500,27778,0.0000,1.0000
2014-09-18,9.0200,9.0700,8.9300,9.0100,9.0100,46999,0.0000,1.0000
2014-09-17,9.1299,9.1600,8.9700,8.9700,8.9700,47657,0.0000,1.0000
2014-09-16,8.9200,9.1100,8.8000,9.1000,9.1000,48655,0.0000,1.0000
2014-09-15,9.0400,9.0800,8.9500,9.0100,9.0100,23729,0.0000,1.0000
2014-09-12,8.9000,9.0900,8.8610,9.0100,9.0100,48545,0.0000,1.0000
2014-09-11,9.0200,9.0600,8.8500,9.0300,9.0300,119342,0.0000,1.0000
2014-09-10,9.0600,9.0600,8.8200,9.0200,9.0200,123258,0.0000,1.0000
2014-09-09,9.0800,9.0901,8.9700,9.0300,9.0300,83875,0.0000,1.0000
2014-09-08,9.0100,9.0700,8.9900,9.0300,9.0300,24228,0.0000,1.0000
2014-09-05,8.9600,9.0800,8.9600,9.0400,9.0400,11456,0.0000,1.0000
2014-09-04,8.9700,9.0800,8.9100,9.0200,9.0200,62084,0.0000,1.0000
2014-09-03,9.0500,9.0500,8.9261,9.0100,9.0100,14003,0.0000,1.0000
2014-09-02,8.9000,9.0300,8.8700,9.0200,9.0200,32100,0.0000,1.0000
2014-08-29,9.0500,9.1400,8.8000,8.8000,8.8000,51766,0.0000,1.0000
2014-08-28,9.0000,9.1000,8.9900,9.1000,9.1000,36672,0.0000,1.0000
2014-08-27,9.0000,9.0800,8.9401,9.0400,9.0400,34979,0.0000,1.0000
2014-08-26,9.0300,9.1000,8.9700,9.0000,9.0000,63764,0.0000,1.0000
2014-08-25,9.0800,9.0800,8.8300,9.0700,9.0700,12294,0.0000,1.0000
2014-08-22,8.9300,9.0400,8.8600,9.0000,9.0000,38036,0.0000,1.0000
2014-08-21,9.0200,9.1200,8.9277,8.9900,8.9900,35558,0.0000,1.0000
2014-08-20,9.0953,9.1300,8.9300,9.0400,9.0400,30925,0.0000,1.0000
2014-08-19,9.1000,9.1800,9.0700,9.1500,9.1500,59399,0.0000,1.0000
2014-08-18,8.9900,9.1400,8.8600,9.1400,9.1400,77603,0.0000,1.0000
2014-08-15,8.7300,9.0100,8.6800,8.9100,8.9100,91750,0.0000,1.0000
2014-08-14,8.5900,8.8200,8.5250,8.8100,8.8100,77038,0.0000,1.0000
2014-08-13,8.5500,8.6200,8.4700,8.6200,8.6200,33156,0.0000,1.0000
2014-08-12,8.4450,8.6000,8.3700,8.5600,8.5600,49305,0.0000,1.0000
2014-08-11,8.2000,8.4700,8.2000,8.4700,8.4700,33924,0.0000,1.0000
2014-08-08,8.3400,8.3500,8.1000,8.2100,8.2100,76860,0.0000,1.0000
2014-08-07,8.4378,8.4800,8.3000,8.3000,8.3000,37239,0.0000,1.0000
2014-08-06,8.5100,8.5600,8.3700,8.4300,8.4300,79355,0.0000,1.0000
2014-08-05,8.6700,8.7500,8.5000,8.5100,8.5100,46772,0.0000,1.0000
2014-08-04,8.8200,8.9800,8.6300,8.6500,8.6500,38869,0.0000,1.0000
2014-08-01,8.6700,8.8900,8.6700,8.8200,8.8200,54648,0.0000,1.0000
2014-07-31,8.8000,8.8000,8.5800,8.6100,8.6100,73652,0.0000,1.0000
2014-07-30,9.0000,9.0000,8.7570,8.8400,8.8400,84999,0.0000,1.0000
2014-07-29,8.8200,9.0400,8.7500,8.9200,8.9200,123325,0.0000,1.0000
2014-07-28,8.6100,8.9400,8.5400,8.8500,8.8500,287320,0.0000,1.0000
2014-07-25,8.6600,8.8700,8.5500,8.6200,8.6200,162296,0.0000,1.0000
2014-07-24,8.4800,8.7000,8.3700,8.6300,8.6300,239172,0.0000,1.0000
2014-07-23,8.3000,8.4800,8.2100,8.4000,8.4000,93425,0.0000,1.0000
2014-07-22,8.2400,8.2900,8.0600,8.2500,8.2500,78795,0.0000,1.0000
2014-07-21,8.2500,8.3500,8.1400,8.2500,8.2500,62669,0.0000,1.0000
2014-07-18,8.3700,8.3700,8.2000,8.2900,8.2900,89104,0.0000,1.0000
2014-07-17,8.5500,8.5700,8.2500,8.2500,8.2500,60270,0.0000,1.0000
2014-07-16,8.8700,8.8700,8.5200,8.5600,8.5600,135960,0.0000,1.0000
2014-07-15,8.8100,8.8500,8.6600,8.8200,8.8200,298336,0.0000,1.0000
2014-07-14,8.7800,8.8600,8.7200,8.7900,8.7900,29560,0.0000,1.0000
2014-07-11,8.5800,8.8100,8.5800,8.6800,8.6800,96507,0.0000,1.0000
2014-07-10,8.6300,8.7300,8.5700,8.6000,8.6000,56378,0.0000,1.0000
2014-07-09,8.8800,8.9700,8.7200,8.7500,8.7500,51789,0.0000,1.0000
2014-07-08,9.0500,9.0600,8.7900,8.9000,8.9000,192146,0.0000,1.0000
2014-07-07,9.2600,9.3000,8.8800,9.1100,9.1100,116400,0.0000,1.0000
2014-07-03,9.2400,9.2900,9.1200,9.2600,9.2600,531238,0.0000,1.0000
2014-07-02,9.4900,9.4900,9.1500,9.1700,9.1700,178154,0.0000,1.0000
2014-07-01,9.0100,9.5000,9.0100,9.4900,9.4900,230045,0.0000,1.0000
2014-06-30,8.6100,9.0700,8.6000,9.0000,9.0000,282258,0.0000,1.0000
2014-06-27,8.5600,8.6700,8.4804,8.6400,8.6400,69435,0.0000,1.0000
2014-06-26,8.5300,8.5900,8.3900,8.5300,8.5300,56256,0.0000,1.0000
2014-06-25,8.5100,8.5900,8.4200,8.5400,8.5400,45732,0.0000,1.0000
2014-06-24,8.6100,8.6300,8.4900,8.5000,8.5000,34453,0.0000,1.0000
2014-06-23,8.7283,8.7283,8.5100,8.5700,8.5700,71153,0.0000,1.0000
2014-06-20,8.6000,8.8300,8.5400,8.7500,8.7500,444712,0.0000,1.0000
2014-06-19,8.5000,8.6000,8.4800,8.5600,8.5600,103297,0.0000,1.0000
2014-06-18,8.3900,8.5300,8.3800,8.4500,8.4500,56181,0.0000,1.0000
2014-06-17,8.1900,8.4600,8.1900,8.3900,8.3900,56759,0.0000,1.0000
2014-06-16,8.3500,8.4500,8.1700,8.2100,8.2100,81862,0.0000,1.0000
2014-06-13,8.5000,8.5000,8.2900,8.3600,8.3600,63949,0.0000,1.0000
2014-06-12,8.5100,8.5200,8.4100,8.5100,8.5100,70405,0.0000,1.0000
2014-06-11,8.4500,8.5400,8.4000,8.5100,8.5100,93185,0.0000,1.0000
2014-06-10,8.5200,8.5200,8.4200,8.5000,8.5000,72148,0.0000,1.0000
2014-06-09,8.5100,8.6400,8.4600,8.5000,8.5000,87685,0.0000,1.0000
2014-06-06,8.3000,8.5800,8.3000,8.4600,8.4600,197723,0.0000,1.0000
2014-06-05,8.1300,8.3600,8.1300,8.2700,8.2700,91902,0.0000,1.0000
2014-06-04,8.4000,8.4000,8.1500,8.1900,8.1900,138148,0.0000,1.0000
2014-06-03,8.5700,8.6000,8.4003,8.4300,8.4300,494461,0.0000,1.0000
2014-06-02,8.8400,8.8400,8.4400,8.5700,8.5700,214349,0.0000,1.0000
2014-05-30,8.3500,8.8300,8.2110,8.8000,8.8000,272799,0.0000,1.0000
2014-05-29,8.3400,8.4200,8.2800,8.3200,8.3200,181347,0.0000,1.0000
2014-05-28,8.2600,8.3900,8.1600,8.3500,8.3500,109169,0.0000,1.0000
2014-05-27,8.2700,8.3200,8.1000,8.2100,8.2100,307135,0.0000,1.0000
2014-05-23,8.5600,8.5600,8.1400,8.2000,8.2000,254329,0.0000,1.0000
2014-05-22,8.0300,8.4500,7.9700,8.4400,8.4400,140582,0.0000,1.0000
2014-05-21,7.9900,8.1100,7.8700,8.0000,8.0000,107743,0.0000,1.0000
2014-05-20,8.0000,8.0600,7.8800,7.9700,7.9700,59933,0.0000,1.0000
2014-05-19,7.7700,7.9900,7.6400,7.9600,7.9600,102082,0.0000,1.0000
2014-05-16,7.8700,7.9000,7.6700,7.8100,7.8100,105055,0.0000,1.0000
2014-05-15,7.8000,7.8400,7.6200,7.8100,7.8100,165439,0.0000,1.0000
2014-05-14,7.8900,8.0800,7.7100,7.7600,7.7600,139572,0.0000,1.0000
2014-05-13,7.9400,8.0001,7.7600,7.8800,7.8800,217640,0.0000,1.0000
2014-05-12,7.6900,7.9900,7.6900,7.9300,7.9300,247354,0.0000,1.0000
2014-05-09,7.4700,7.7100,7.2400,7.6200,7.6200,231934,0.0000,1.0000
2014-05-08,7.0700,7.5200,7.0700,7.3500,7.3500,147576,0.0000,1.0000
2014-05-07,7.0000,7.0700,6.9000,7.0400,7.0400,451261,0.0000,1.0000
2014-05-06,6.9500,7.1000,6.9400,7.0000,7.0000,57299,0.0000,1.0000
2014-05-05,6.9500,7.0500,6.8400,6.9900,6.9900,51279,0.0000,1.0000
2014-05-02,6.9800,7.1500,6.9400,6.9600,6.9600,75094,0.0000,1.0000
2014-05-01,7.1100,7.1500,6.8200,6.9200,6.9200,389859,0.0000,1.0000
2014-04-30,7.1500,7.2000,7.0600,7.1200,7.1200,58092,0.0000,1.0000
2014-04-29,7.1000,7.1900,6.9408,7.1800,7.1800,268402,0.0000,1.0000
2014-04-28,7.1800,7.2900,7.1700,7.2100,7.2100,178450,0.0000,1.0000
2014-04-25,7.3500,7.3600,7.1750,7.1900,7.1900,65776,0.0000,1.0000
2014-04-24,7.2800,7.4300,7.2100,7.3400,7.3400,79367,0.0000,1.0000
2014-04-23,7.3100,7.4400,7.2000,7.2900,7.2900,253362,0.0000,1.0000
2014-04-22,7.3800,7.4500,7.3200,7.3200,7.3200,136437,0.0000,1.0000
2014-04-21,7.2500,7.5500,7.2500,7.3800,7.3800,183185,0.0000,1.0000
2014-04-17,7.2500,7.3500,7.2300,7.2900,7.2900,95540,0.0000,1.0000
2014-04-16,7.0500,7.2300,7.0400,7.2100,7.2100,154460,0.0000,1.0000
2014-04-15,7.0800,7.0900,6.9600,7.0400,7.0400,137342,0.0000,1.0000
2014-04-14,7.0200,7.1100,6.9800,7.0800,7.0800,245478,0.0000,1.0000
2014-04-11,7.0400,7.1000,6.9700,7.0100,7.0100,246358,0.0000,1.0000
2014-04-10,7.3600,7.4500,7.0300,7.0700,7.0700,877247,0.0000,1.0000
2014-04-09,7.3800,7.5500,7.3200,7.3800,7.3800,213519,0.0000,1.0000
2014-04-08,7.7100,7.8100,6.9000,7.3700,7.3700,3095476,0.0000,1.0000
2014-04-07,7.9500,7.9500,7.6700,7.7100,7.7100,342318,0.0000,1.0000
2014-04-04,8.0500,8.1900,7.9000,7.9900,7.9900,340699,0.0000,1.0000
2014-04-03,8.1800,8.3000,8.0000,8.0200,8.0200,164231,0.0000,1.0000
2014-04-02,8.3300,8.5000,8.1500,8.1900,8.1900,272117,0.0000,1.0000
2014-04-01,8.2800,8.4000,8.2300,8.3100,8.3100,304377,0.0000,1.0000
2014-03-31,8.4400,8.5900,8.2800,8.3000,8.3000,529335,0.0000,1.0000
2014-03-28,7.9700,8.3500,7.6700,8.3500,8.3500,591554,0.0000,1.0000
2014-03-27,8.0700,8.1400,7.9100,7.9700,7.9700,238127,0.0000,1.0000
2014-03-26,8.2600,8.2800,8.0500,8.0700,8.0700,535970,0.0000,1.0000
2014-03-25,8.3200,8.4000,8.1800,8.2600,8.2600,242161,0.0000,1.0000
2014-03-24,8.4500,8.5600,8.1800,8.3400,8.3400,342554,0.0000,1.0000
2014-03-21,8.7200,8.7900,8.3200,8.4300,8.4300,644918,0.0000,1.0000
2014-03-20,8.6700,8.8100,8.6100,8.7100,8.7100,400314,0.0000,1.0000
2014-03-19,8.6600,8.8250,8.6200,8.7100,8.7100,368181,0.0000,1.0000
2014-03-18,8.9900,9.0600,8.6500,8.7000,8.7000,234575,0.0000,1.0000
2014-03-17,8.9100,9.0902,8.8800,8.9800,8.9800,122546,0.0000,1.0000
2014-03-14,8.9000,9.1300,8.8200,8.8400,8.8400,190487,0.0000,1.0000
2014-03-13,9.1500,9.2000,8.8100,8.8900,8.8900,313805,0.0000,1.0000
2014-03-12,9.2000,9.2900,9.0400,9.0400,9.0400,163090,0.0000,1.0000
2014-03-11,9.3200,9.4400,9.1900,9.2100,9.2100,102824,0.0000,1.0000
2014-03-10,9.4100,9.6300,9.2600,9.2600,9.2600,218789,0.0000,1.0000
2014-03-07,9.7100,9.8800,9.4100,9.5000,9.5000,210815,0.0000,1.0000
2014-03-06,9.4800,10.1200,9.4800,9.6800,9.6800,314969,0.0000,1.0000
2014-03-05,9.1100,9.6900,9.1100,9.4900,9.4900,199075,0.0000,1.0000
2014-03-04,9.1300,9.4000,9.1200,9.1300,9.1300,153015,0.0000,1.0000
2014-03-03,9.1900,9.2900,9.0900,9.1200,9.1200,206725,0.0000,1.0000
2014-02-28,9.4000,9.4200,8.9900,9.2800,9.2800,311601,0.0000,1.0000
2014-02-27,9.9000,9.9099,9.2900,9.4100,9.4100,1528703,0.0000,1.0000
2014-02-26,10.4700,10.5000,9.2701,9.9000,9.9000,3956358,0.0000,1.0000
2014-02-25,11.3200,11.4600,11.2600,11.3900,11.3900,296035,0.0000,1.0000
2014-02-24,11.4200,11.5500,11.2300,11.3100,11.3100,248528,0.0000,1.0000
2014-02-21,11.5000,11.6600,11.4100,11.4500,11.4500,462164,0.0000,1.0000
2014-02-20,11.4700,11.6450,11.3300,11.4600,11.4600,268770,0.0000,1.0000
2014-02-19,11.5400,11.6700,11.3000,11.4400,11.4400,152146,0.0000,1.0000
2014-02-18,11.3800,11.7800,11.3500,11.5400,11.5400,348069,0.0000,1.0000
2014-02-14,11.3800,11.4000,11.3000,11.3600,11.3600,148068,0.0000,1.0000
2014-02-13,11.2600,11.4000,11.2500,11.3600,11.3600,424852,0.0000,1.0000
2014-02-12,11.2100,11.5500,11.1700,11.3500,11.3500,218262,0.0000,1.0000
2014-02-11,11.4600,11.6400,11.1300,11.1800,11.1800,173759,0.0000,1.0000
2014-02-10,11.0100,11.4100,10.8300,11.3900,11.3900,92625,0.0000,1.0000
2014-02-07,11.1700,11.3700,10.9900,11.0100,11.0100,214147,0.0000,1.0000
2014-02-06,11.2800,11.2800,11.0000,11.1000,11.1000,173336,0.0000,1.0000
2014-02-05,11.2500,11.4200,10.9401,11.2800,11.2800,175776,0.0000,1.0000
2014-02-04,11.2500,11.5000,10.3700,11.2900,11.2900,884414,0.0000,1.0000
2014-02-03,11.6600,11.7500,11.3200,11.3500,11.3500,166929,0.0000,1.0000
2014-01-31,11.7100,11.7500,11.5900,11.6400,11.6400,128954,0.0000,1.0000
2014-01-30,11.6600,11.9100,11.6600,11.7900,11.7900,373561,0.0000,1.0000
2014-01-29,12.0000,12.0700,11.4900,11.6500,11.6500,198537,0.0000,1.0000
2014-01-28,11.6100,12.0000,11.5500,11.8900,11.8900,250410,0.0000,1.0000
2014-01-27,11.7500,11.7700,11.5000,11.6300,11.6300,232342,0.0000,1.0000
2014-01-24,12.0000,12.0004,11.5100,11.7000,11.7000,397310,0.0000,1.0000
2014-01-23,12.2500,12.2700,11.8900,11.9800,11.9800,551097,0.0000,1.0000
2014-01-22,12.4600,12.4600,12.1900,12.2800,12.2800,131824,0.0000,1.0000
2014-01-21,12.7000,12.7100,12.1100,12.4000,12.4000,978264,0.0000,1.0000
2014-01-17,13.5400,13.5400,12.4400,12.7100,12.7100,1498987,0.0000,1.0000
2014-01-16,13.7800,13.7800,13.4100,13.4900,13.4900,272275,0.0000,1.0000
2014-01-15,13.7000,13.8799,13.6700,13.7500,13.7500,2182004,0.0000,1.0000
2014-01-14,13.6800,13.8500,13.6800,13.7000,13.7000,205693,0.0000,1.0000
2014-01-13,13.8000,13.8000,13.6900,13.7200,13.7200,83193,0.0000,1.0000
2014-01-10,13.7500,13.8400,13.6700,13.7800,13.7800,129302,0.0000,1.0000
2014-01-09,13.7600,13.8000,13.6700,13.7100,13.7100,69327,0.0000,1.0000
2014-01-08,13.7900,13.8900,13.7204,13.7500,13.7500,44567,0.0000,1.0000
2014-01-07,13.8800,13.9000,13.6800,13.7000,13.7000,217452,0.0000,1.0000
2014-01-06,14.0000,14.0800,13.8800,13.8900,13.8900,96750,0.0000,1.0000
2014-01-03,13.5000,14.1600,13.5000,13.9700,13.9700,366320,0.0000,1.0000
2014-01-02,13.6500,13.7600,13.5000,13.5000,13.5000,123695,0.0000,1.0000
2013-12-31,13.6000,13.6000,13.4500,13.5500,13.5500,119885,0.0000,1.0000
2013-12-30,13.7600,13.9608,13.2700,13.5500,13.5500,575704,0.0000,1.0000
2013-12-27,13.8000,13.8900,13.6300,13.6500,13.6500,185998,0.0000,1.0000
2013-12-26,13.9800,14.0000,13.7000,13.7200,13.7200,179847,0.0000,1.0000
2013-12-24,13.5700,13.9800,13.5700,13.8300,13.8300,4120551,0.0000,1.0000
2013-12-23,14.1900,14.1900,13.5000,13.5800,13.5800,665604,0.0000,1.0000
2013-12-20,14.1400,14.3600,14.0100,14.0200,14.0200,310628,0.0000,1.0000
2013-12-19,14.7200,14.7200,14.1000,14.1400,14.1400,288349,0.0000,1.0000
2013-12-18,14.6700,14.7500,14.5500,14.6800,14.6800,76586,0.0000,1.0000
2013-12-17,14.7600,15.0000,14.6100,14.6100,14.6100,145828,0.0000,1.0000
2013-12-16,14.5300,14.7500,14.5100,14.7000,14.7000,155460,0.0000,1.0000
2013-12-13,14.9500,15.0600,14.5400,14.5600,14.5600,141426,0.0000,1.0000
2013-12-12,15.2600,15.6500,14.8000,14.9200,14.9200,1989069,0.0000,1.0000
2013-12-11,14.9900,15.1000,14.8500,14.8800,14.8800,152493,0.0000,1.0000
2013-12-10,15.0400,15.1000,14.7200,15.0000,15.0000,174585,0.0000,1.0000
2013-12-09,14.8600,15.1500,14.8038,15.0000,15.0000,123311,0.0000,1.0000
2013-12-06,15.1000,15.1000,14.7100,14.7800,14.7800,116773,0.0000,1.0000
2013-12-05,15.0000,15.1500,14.7500,14.8300,14.8300,216194,0.0000,1.0000
2013-12-04,14.6800,14.9000,14.5900,14.7500,14.7500,252407,0.0000,1.0000
2013-12-03,15.2300,15.9400,14.5100,14.5300,14.5300,878816,0.0000,1.0000
2013-12-02,14.2000,14.6200,14.1400,14.5000,14.5000,131998,0.0000,1.0000
2013-11-29,13.9800,14.2000,13.9100,14.1400,14.1400,38255,0.0000,1.0000
2013-11-27,13.9900,14.0200,13.8300,14.0200,14.0200,36678,0.0000,1.0000
2013-11-26,14.2500,14.3400,13.9700,14.0400,14.0400,490167,0.0000,1.0000
2013-11-25,14.1100,14.3600,13.9100,14.2200,14.2200,47756,0.0000,1.0000
2013-11-22,13.1100,14.2500,13.1100,14.2400,14.2400,121926,0.0000,1.0000
2013-11-21,12.8200,13.2100,12.7700,13.0900,13.0900,75687,0.0000,1.0000
2013-11-20,13.1000,13.1200,12.7500,12.8400,12.8400,47809,0.0000,1.0000
2013-11-19,13.0200,13.0800,12.7400,12.9600,12.9600,100245,0.0000,1.0000
2013-11-18,13.1600,13.1600,12.7500,12.8300,12.8300,27927,0.0000,1.0000
2013-11-15,13.0500,13.2000,12.9600,13.1700,13.1700,170177,0.0000,1.0000
2013-11-14,12.7500,13.1200,12.6200,13.0100,13.0100,215813,0.0000,1.0000
2013-11-13,12.6900,12.7500,12.5600,12.7400,12.7400,72174,0.0000,1.0000
2013-11-12,12.7300,12.8400,12.5000,12.7000,12.7000,183155,0.0000,1.0000
2013-11-11,13.0400,13.0800,12.5300,12.6500,12.6500,168010,0.0000,1.0000
2013-11-08,13.1300,13.1300,12.8800,12.9700,12.9700,47397,0.0000,1.0000
2013-11-07,13.2900,13.3000,13.0300,13.1300,13.1300,72481,0.0000,1.0000
2013-11-06,13.2000,13.3400,13.1600,13.2400,13.2400,73115,0.0000,1.0000
2013-11-05,13.4000,13.4000,13.1000,13.2000,13.2000,56547,0.0000,1.0000
2013-11-04,13.4500,13.5900,13.2500,13.4000,13.4000,75949,0.0000,1.0000
2013-11-01,13.4200,13.6800,13.2200,13.3100,13.3100,383874,0.0000,1.0000
2013-10-31,13.4500,13.7500,13.2700,13.5600,13.5600,448214,0.0000,1.0000
2013-10-30,13.2700,13.4700,13.1800,13.4500,13.4500,221783,0.0000,1.0000
2013-10-29,13.1500,13.3000,12.9600,13.1800,13.1800,347118,0.0000,1.0000
2013-10-28,13.2800,13.2800,12.9400,13.0600,13.0600,274376,0.0000,1.0000
2013-10-25,12.9000,13.3200,12.9000,13.3100,13.3100,79066,0.0000,1.0000
2013-10-24,13.1278,13.1278,12.8000,12.8600,12.8600,208344,0.0000,1.0000
2013-10-23,13.3500,13.3500,13.0100,13.1900,13.1900,79084,0.0000,1.0000
2013-10-22,13.8500,13.8500,13.2200,13.4300,13.4300,262667,0.0000,1.0000
2013-10-21,14.2000,14.2000,13.6400,13.7400,13.7400,118622,0.0000,1.0000
2013-10-18,14.0100,14.2300,14.0001,14.0900,14.0900,63255,0.0000,1.0000
2013-10-17,13.8500,14.0800,13.8300,14.0400,14.0400,86468,0.0000,1.0000
2013-10-16,14.0800,14.2247,13.5400,13.8000,13.8000,288996,0.0000,1.0000
2013-10-15,14.4100,14.4400,14.1400,14.1600,14.1600,286059,0.0000,1.0000
2013-10-14,14.2400,14.3100,14.1700,14.2900,14.2900,81338,0.0000,1.0000
2013-10-11,14.4200,14.5700,14.3900,14.3900,14.3900,226571,0.0000,1.0000
2013-10-10,14.4200,14.5900,14.3900,14.4700,14.4700,279078,0.0000,1.0000
2013-10-09,14.3500,14.4200,14.1600,14.2900,14.2900,215799,0.0000,1.0000
2013-10-08,14.7310,14.7694,14.2900,14.3300,14.3300,161683,0.0000,1.0000
2013-10-07,14.6500,14.8700,14.6100,14.8200,14.8200,164014,0.0000,1.0000
2013-10-04,14.7800,15.0300,14.5800,14.9900,14.9900,210917,0.0000,1.0000
2013-10-03,14.9400,14.9400,14.2500,14.7700,14.7700,291405,0.0000,1.0000
2013-10-02,15.1200,15.1400,14.8210,14.9700,14.9700,170861,0.0000,1.0000
2013-10-01,14.7500,15.2900,14.5000,15.1400,15.1400,249033,0.0000,1.0000
2013-09-30,14.7000,14.8700,14.0000,14.5000,14.5000,312673,0.0000,1.0000
2013-09-27,15.2700,15.5200,14.6000,14.8000,14.8000,85641,0.0000,1.0000
2013-09-26,14.9500,14.9500,14.6000,14.9100,14.9100,343779,0.0000,1.0000
2013-09-25,14.7700,14.8500,14.5500,14.7600,14.7600,476675,0.0000,1.0000
2013-09-24,14.0500,15.0700,13.8600,14.5300,14.5300,524280,0.0000,1.0000
2013-09-23,14.1300,14.1300,13.8400,14.0000,14.0000,466632,0.0000,1.0000
2013-09-20,13.9000,14.0000,13.7500,13.8300,13.8300,459103,0.0000,1.0000
2013-09-19,14.0000,14.1800,13.8000,13.8100,13.8100,710355,0.0000,1.0000
2013-09-18,12.7600,14.4600,12.7500,14.0100,14.0100,10060990,0.0000,1.0000
